scenario,label,phi_reg,horizon,r,yagg,pinfagg,ds1,ds2,fs1,fs2,ig1,ig2,kg1,kg2,y1,y2,c1,c2,inv1,inv2,pinf1,pinf2,y_gap,pinf_gap,ds_gap,fs_gap,ig_gap,kg_gap,c_gap,inv_gap
policy_cf_standard_taylor,Standard Taylor rule,0,1,-7.30670869262262e-05,-0.0217483308718807,-0.0156990207155873,0.00636479718118129,0.0162425606315035,-0.0104497788189102,-0.0205438907611732,-0.00534815634845821,-0.00694081602022116,-0.00534815634845831,-0.00694081602022134,-0.0208460403162454,-0.0226506214275159,-0.0146794895301187,-0.0148335559106701,-0.000818394437668485,-0.000876249496624654,-0.0155444126202612,-0.0158536288109132,-0.00180458111127058,-0.000309216190652051,0.00987776345032219,-0.010094111942263,-0.00159265967176295,-0.00159265967176303,-0.000154066380551487,-5.78550589561688e-05
policy_cf_standard_taylor,Standard Taylor rule,0,2,-0.000507700074426687,-0.0187994393449903,-0.00999683937187534,0.00409345105072864,0.0104618935930849,-0.00754163771972303,-0.0142603409571783,-0.0100067078483349,-0.0122428368735497,-0.0152211602880818,-0.0190101324932654,-0.0175964165067229,-0.0200024621832575,-0.00766460869822527,-0.00776485713171715,7.49000398372057e-05,5.23182200926064e-06,-0.00990012303978183,-0.0100935557039689,-0.00240604567653457,-0.000193432664187032,0.00636844254235622,-0.00671870323745531,-0.00223612902521478,-0.00378897220518359,-0.000100248433491879,-6.96682178279451e-05
policy_cf_standard_taylor,Standard Taylor rule,0,3,-0.000863039800530929,-0.0156425835362426,-0.00580415200566009,0.00221313006560971,0.00571770931220996,-0.00504891241980335,-0.00891065319279502,-0.0126699269060027,-0.0149531544099617,-0.0275105581868824,-0.0334880335908956,-0.0144712604672768,-0.0168139066052084,-0.0033164161316519,-0.00331053533230463,0.00151508257037788,0.00144978313705785,-0.00576949357284773,-0.00583881043847234,-0.00234264613793167,-6.93168656246135e-05,0.00350457924660026,-0.00386174077299167,-0.00228322750395896,-0.00597747540401317,5.88079934726871e-06,-6.52994333200374e-05
policy_cf_standard_taylor,Standard Taylor rule,0,4,-0.001011178853499,-0.0122442036807323,-0.00281437710589083,0.000790762226324953,0.00220086080066263,-0.00299446009686168,-0.00471564235654631,-0.0131994826307321,-0.0152324077691943,-0.0400222768629424,-0.0478832405203176,-0.0112456747001622,-0.0132427326613025,-0.000857724796693882,-0.00076112321767241,0.00281153272726362,0.00275079832556416,-0.00282370071928728,-0.00280505349249449,-0.00199705796114025,1.86472267927895e-05,0.00141009857433768,-0.00172118225968464,-0.0020329251384622,-0.00786096365737521,9.66015790214714e-05,-6.07344016994582e-05
policy_cf_standard_taylor,Standard Taylor rule,0,5,-0.000964447476102581,-0.00887628327697132,-0.000808865400695247,-0.000186000987859439,-0.000137019407125249,-0.00139516529125548,-0.00170191082033735,-0.0120103672189012,-0.0137160410299227,-0.0510320871602703,-0.060402200537232,-0.00806883822847437,-0.00968372832546827,0.000310668449881035,0.000461611579652743,0.00363086054054571,0.00357070112480154,-0.000839763354682943,-0.000777967446707661,-0.00161489009699389,6.17959079752817e-05,4.89815807341899e-05,-0.000306745529081873,-0.00170567381102152,-0.0093701133769617,0.000150943129771708,-6.01594157441654e-05
policy_cf_standard_taylor,Standard Taylor rule,0,6,-0.000786164925710819,-0.00584199700668686,0.000408762632137627,-0.000776837409624869,-0.00147703442757381,-0.000237672137641767,0.00024138872977926,-0.00971411145732712,-0.011153714235651,-0.059470396438591,-0.0700458597594524,-0.00517713634945527,-0.00650685766391845,0.000651834864024647,0.000822250797068547,0.00388514024384712,0.00382460577466379,0.000374523785827696,0.000443001478447558,-0.00132972131446318,6.84776926198616e-05,-0.000700197017948944,0.000479060867421027,-0.00143960277832385,-0.0105754633208615,0.000170415933043899,-6.05344691833321e-05
policy_cf_standard_taylor,Standard Taylor rule,0,7,-0.000546168054640361,-0.0033540609370285,0.00102829789389736,-0.00106450956309194,-0.0020575427386367,0.000524003482281349,0.00130746656853335,-0.00690917626386268,-0.00820980918104194,-0.0648928127914892,-0.0765045224465082,-0.0027582526804274,-0.00394986919362961,0.000515320911912087,0.000680439358997087,0.00363560267152305,0.003579500628415,0.00100191227086399,0.0010546835169305,-0.00119161651320221,5.27712460665075e-05,-0.000993033175544767,0.000783463086252004,-0.00130063291717926,-0.011611709655019,0.000165118447085,-5.61020431080472e-05
policy_cf_standard_taylor,Standard Taylor rule,0,8,-0.000301026630669776,-0.00150357641612542,0.00122749257655297,-0.00113651456210569,-0.00212117418267736,0.00095899340934108,0.00172214970519528,-0.00407555860114717,-0.00537550089295871,-0.0673460510728492,-0.0799674102783041,-0.000905906913595045,-0.00210124591865579,0.000152602368292509,0.000298902504995757,0.00301704931925947,0.00297535246930697,0.00121336859446086,0.00124161655864485,-0.00119533900506075,2.82479641839917e-05,-0.000984659620571665,0.000763156295854203,-0.00129994229181155,-0.0126213592054549,0.000146300136703248,-4.1696849952505e-05
policy_cf_standard_taylor,Standard Taylor rule,0,9,-8.78425590067344e-05,-0.000275576592244309,0.00116160490288286,-0.00107255426004165,-0.00188132234785704,0.00114642178484256,0.00170507595266535,-0.00153888431531475,-0.00295228349231216,-0.0672012841113427,-0.0809205085136586,0.000376952832744415,-0.000928106017232921,-0.000268280294249634,-0.000145360835794639,0.0021841174423087,0.00216953831087369,0.00115906445885794,0.00116414534690801,-0.00130505884997734,5.08088805006857e-06,-0.000808768087815393,0.000558654167822789,-0.00141339917699741,-0.0137192244023159,0.000122919458454995,-1.45791314350163e-05
policy_cf_standard_taylor,Standard Taylor rule,0,10,7.48566029500353e-05,0.000416977600238511,0.000955487789954912,-0.000937458604800922,-0.0015051409233879,0.00116355399496472,0.00144440542434905,0.000523252490104265,-0.0010759697620371,-0.0649979995184555,-0.0799734655628543,0.00115378575392611,-0.000319830553449307,-0.000646999081136634,-0.000546416113681003,0.00127753234495842,0.00130255532226867,0.000960853961367691,0.000950121618542354,-0.00147361630737541,-1.0732342825337e-05,-0.000567682318586982,0.000280851429384332,-0.00159922225214136,-0.0149754660443988,0.000100582967455631,2.50229773102462e-05
policy_cf_standard_taylor,Standard Taylor rule,0,11,0.000183035514081276,0.000697299498823467,0.000700623496491914,-0.000778625804765555,-0.00110923787282621,0.00107749614697,0.00108444388423501,0.00205306785384694,0.000241278225446132,-0.0613199816766472,-0.0777328506983372,0.00152516308650474,-0.000130564088857921,-0.00093461368449177,-0.000852830787726133,0.000406708917149445,0.000480988473422012,0.000709093640669956,0.000692153352313651,-0.00165572717536266,-1.69402883563041e-05,-0.000330612068060651,6.94773726500619e-06,-0.00181178962840081,-0.01641286902169,8.17828967656364e-05,7.42795562725662e-05
policy_cf_standard_taylor,Standard Taylor rule,0,12,0.000242200425824235,0.000695320855626402,0.00045679911225438,-0.000626716367662015,-0.00076392033279438,0.000940859603707572,0.000723574323214557,0.00307669773516124,0.00106579756280444,-0.0567102843995699,-0.0747237318680742,0.00160310208084868,-0.000212460369595768,-0.00111796664238095,-0.00105125070889811,-0.000355629011931785,-0.000227007223502246,0.00046382480858731,0.000449773415921673,-0.00181556245044445,-1.40513926656372e-05,-0.000137203965132365,-0.000217285280493015,-0.00201090017235681,-0.0180134474685043,6.67159334828415e-05,0.000128621788429539
policy_cf_standard_taylor,Standard Taylor rule,0,13,0.000262864230887505,0.000527669653308083,0.000256986407158211,-0.000498311758169651,-0.000502161002816335,0.000790792643900043,0.000419133786003029,0.00366963150383222,0.00150286941255121,-0.0516228957857487,-0.0713527691588212,0.00149255709728169,-0.000437217790665634,-0.00120605077148561,-0.00115181736934533,-0.000971023635065099,-0.000788269833871674,0.000259098065841012,0.000254874748475409,-0.00192977488794732,-4.22331736560366e-06,-3.84924464668377e-06,-0.000371658857897014,-0.00216676209128101,-0.0197298733730724,5.42334021402802e-05,0.000182753801193425
policy_cf_standard_taylor,Standard Taylor rule,0,14,0.000257023711640159,0.000286898534614277,0.00011378189117095,-0.000399434003514358,-0.000330216888305437,0.000650369931275582,0.000196005349380399,0.00392832120342941,0.00166678002118373,-0.0464040021876762,-0.0679021699086668,0.00128054932207822,-0.000706752252849774,-0.00121913641204563,-0.00117646554113948,-0.00142863546930572,-0.00119706673289413,0.000108923839332142,0.000118639943009535,-0.00198730157492799,9.71610367739295e-06,6.92171152089209e-05,-0.000454364581895184,-0.00226154118224568,-0.0214981677209907,4.26708709061474e-05,0.000231568736411586
policy_cf_standard_taylor,Standard Taylor rule,0,15,0.000235804335611878,3.81768722710341e-05,2.6025390473805e-05,-0.000329110558156823,-0.000237763143059733,0.000531300790122466,5.63257162012332e-05,0.00394979466498742,0.0016612802154904,-0.0412941074679969,-0.0645433354454599,0.00103179551363697,-0.000955441769095011,-0.00118090966702888,-0.00115046355308657,-0.00173708948432164,-0.00146625843149895,1.35275179058425e-05,3.85232630419896e-05,-0.00198723728273198,2.49957451361471e-05,9.13474150970903e-05,-0.000474975073921233,-0.00228851444949701,-0.023249227977463,3.04461139423173e-05,0.00027083105282269
policy_cf_standard_taylor,Standard Taylor rule,0,16,0.000208169006458592,-0.000178887651874904,-1.53450937523392e-05,-0.000282472063205192,-0.000206298990273248,0.000437092452134302,-1.14804935640311e-05,0.00381911103216487,0.001569267152412,-0.0364426437491323,-0.0613604849069116,0.000789042190924905,-0.00114681749467471,-0.00111343330703406,-0.00109702611493745,-0.00191663553420607,-0.00161905853214941,-3.50200592688088e-05,4.32987176401944e-06,-0.00193585968559962,3.93499310328282e-05,7.6173072931944e-05,-0.000448572945698333,-0.00224984387975287,-0.0249178411577793,1.64071920966125e-05,0.000297577002056654
policy_cf_standard_taylor,Standard Taylor rule,0,17,0.000180460899746882,-0.000345534943014592,-2.27006103177274e-05,-0.000253134558351452,-0.00021531551181124,0.000366058691965571,-2.53495961313605e-05,0.00360337619110883,0.00144956606495254,-0.0319282014642952,-0.0583769067192863,0.000576262331327904,-0.00126733221735709,-0.00103446100537019,-0.00103449498380248,-0.00199265285441097,-0.00168240329850727,-4.83110965469047e-05,2.90987591133884e-06,-0.00184359454868499,5.12209724582435e-05,3.78190465402119e-05,-0.000391408288096931,-0.00215381012615629,-0.0264487052549911,-3.39784322900272e-08,0.000310249555903697
policy_cf_standard_taylor,Standard Taylor rule,0,18,0.000156515182021533,-0.000458052808839482,-8.52784580673838e-06,-0.000234816336011797,-0.000246237460494068,0.000313818020821796,-4.28840467706082e-06,0.00335057563176341,0.0013384655224746,-0.0277794207959245,-0.0555790185288294,0.000403152927636707,-0.00131925854531578,-0.000956511111885772,-0.000975434448969414,-0.00199091159224093,-0.00168228961882108,-3.84156909666311e-05,2.13599993532654e-05,-0.00172241147295249,5.97756903198965e-05,-1.14211244822706e-05,-0.000318106425498857,-0.00201211010928881,-0.0277995977329049,-1.89233370836428e-05,0.000308621973419854
policy_cf_standard_taylor,Standard Taylor rule,0,19,0.000138095285878714,-0.000522153604304521,1.64753675906404e-05,-0.000222268175603047,-0.00028446690438101,0.00027513594044197,3.49213409937543e-05,0.0030914730688783,0.00125388704209771,-0.0239934622071485,-0.0529356560235112,0.000269789109227814,-0.00131409631783685,-0.000887104964977126,-0.000926983954086635,-0.00193457899467345,-0.001640999405848,-1.5926070068617e-05,4.88768052500088e-05,-0.00158388542706467,6.48028753186258e-05,-6.21987287779627e-05,-0.000240214599448216,-0.00183758602678059,-0.0289421938163628,-3.98789891095097e-05,0.000293579588825449
policy_cf_standard_taylor,Standard Taylor rule,0,20,0.000125459185355004,-0.000548266584419199,4.42639417082002e-05,-0.000211662379203698,-0.000319999776968815,0.000245116109541463,7.93501569319316e-05,0.00284307862888156,0.00120052630133433,-0.0205505470230882,-0.0504117383215887,0.000170717489866412,-0.00126725065870459,-0.000829653598573676,-0.000891897736289726,-0.00184270754044166,-0.00157587922374935,1.09880310661392e-05,7.75398523502613e-05,-0.001437968148571,6.65518212841221e-05,-0.000108337397765117,-0.000165765952609531,-0.00164255232754723,-0.0298611912985005,-6.22441377160499e-05,0.000266828316692308
policy_cf_standard_taylor,Standard Taylor rule,0,21,0.000117920055671572,-0.000548058870324719,6.95661698728589e-05,-0.00020060534145274,-0.000347104255407134,0.000219836076613036,0.000120316633492337,0.00261256361234895,0.00117482522065181,-0.0174242197351622,-0.0479766196428972,9.81362258165586e-05,-0.001194253966466,-0.00078459521352392,-0.000869834155102223,-0.00172983217300871,-0.00149924503201562,3.67869987381031e-05,0.000102345341007393,-0.00129239019228256,6.55583422692896e-05,-0.000146498913954394,-9.95194431206992e-05,-0.00143773839169714,-0.0305523999077351,-8.52389415783028e-05,0.000230587140993083
policy_cf_standard_taylor,Standard Taylor rule,0,22,0.000114321084454527,-0.000532194485080795,8.95457117628951e-05,-0.000187926229462921,-0.000363489483860092,0.000196564314700637,0.000152992165604673,0.0024008863265528,0.0011691162818404,-0.0145877279152304,-0.0456080878699847,4.40809504385076e-05,-0.0011084699206001,-0.000750512441674789,-0.000858599240019076,-0.0016062929344397,-0.00141898696242157,5.83011993238181e-05,0.000120790224202194,-0.0011525508710386,6.2489024878376e-05,-0.000175563254397171,-4.35721490959634e-05,-0.00123177004471241,-0.0310203599547543,-0.000108086798344287,0.000187305972018131
policy_cf_standard_taylor,Standard Taylor rule,0,23,0.000113389151216836,-0.000509157005473604,0.000103240983094111,-0.000173365000387009,-0.000369294540191837,0.000173700253547418,0.000175592853607215,0.00220573219192367,0.00117466649996158,-0.0120173025254262,-0.0432932191732736,1.71082798217093e-06,-0.00102002483892938,-0.000725072391800974,-0.00085517620476161,-0.00147894897214068,-0.00133951513412942,7.4230927376906e-05,0.000132251038811315,-0.00102173566691155,5.80201114344092e-05,-0.000195929539804828,1.89260005979686e-06,-0.0010310656919621,-0.0312759166478473,-0.000130103812960636,0.000139433838011266
policy_cf_standard_taylor,Standard Taylor rule,0,24,0.000113964132929301,-0.000484876573441761,0.0001109548371796,-0.000157247578647373,-0.000366120427570548,0.000150561479142761,0.000188444597448198,0.00202363115882223,0.00118361968070121,-0.00969323880346851,-0.0410272690132403,-3.41197861331022e-05,-0.000935633360750421,-0.000705722701830447,-0.000856472863863922,-0.00135202824312497,-0.00126278017758777,8.45767992665447e-05,0.000137332875092655,-0.000901513574617319,5.27560758261103e-05,-0.000208872848923175,3.78831183054373e-05,-0.000840011478121017,-0.0313340302097718,-0.000150750162033475,8.92480655372008e-05
policy_cf_standard_taylor,Standard Taylor rule,0,25,0.00011512019214166,-0.000462889159484781,0.000113704602423326,-0.000140202131097313,-0.000356231341548292,0.000127113803887913,0.000193110507490157,0.00185129019889131,0.00118999798364575,-0.00759961763449057,-0.0388115893042635,-6.67909481316675e-05,-0.000858987370837783,-0.000690139989533045,-0.000859788418421381,-0.00122794115749,-0.00118919693606215,9.01120020875279e-05,0.000137297202759346,-0.000792196422706115,4.71852006718176e-05,-0.000216029210450979,6.59967036022446e-05,-0.000661292215245565,-0.031211971669773,-0.000169648428888336,3.87442214278555e-05
policy_cf_standard_taylor,Standard Taylor rule,0,26,0.00011620468865936,-0.000444788096895299,0.000112789046917694,-0.000122942339268745,-0.000341975395224046,0.000103709044341663,0.000191684225339286,0.0016862770827831,0.0011899971647417,-0.00572335011084535,-0.0366513024069155,-9.81492885465673e-05,-0.000791426905243919,-0.000676465038589313,-0.000863042196559638,-0.00110796133274044,-0.001118381873426,9.19565092112329e-05,0.000133621584624377,-0.000693277616697352,4.16650754131442e-05,-0.000219033055955301,8.79751809976237e-05,-0.000496279918041395,-0.0309279522960701,-0.000186577157970325,-1.04205406855629e-05
policy_cf_standard_taylor,Standard Taylor rule,0,27,0.000116822121205118,-0.000430782214455916,0.000109488715260841,-0.000106123106693199,-0.000325422285627255,8.08675465924918e-05,0.000186286531147953,0.00152723028164686,0.00118181920299665,-0.00405303607642749,-0.0345532006437459,-0.000128881466494368,-0.000732682962417353,-0.000663376505137814,-0.000864825108220391,-0.000992735243003501,-0.00104967705719361,9.12740828797887e-05,0.000127703347641672,-0.000603801495922984,3.64292647618836e-05,-0.000219299178934056,0.000105418984555461,-0.000345411078650215,-0.0305001645673184,-0.000201448603082577,-5.6941814190109e-05
policy_cf_standard_taylor,Standard Taylor rule,0,28,0.000116787527754791,-0.000420234486977478,0.000104889791511908,-9.02611843899706e-05,-0.000308184359584122,5.91205915595749e-05,0.000178757632100707,0.00137376720853376,0.00116525573042595,-0.00257794296598313,-0.0325241148972264,-0.000158913334547872,-0.000681555639407083,-0.000650057664315695,-0.000864336415635769,-0.000882622878765976,-0.000982474954197288,8.90864704563565e-05,0.000120693112567682,-0.000522642304859211,3.16066421113259e-05,-0.000217923175194152,0.000119637040541132,-0.000208511478107812,-0.0299461719312433,-0.000214278751320074,-9.98520754313115e-05
policy_cf_standard_taylor,Standard Taylor rule,0,29,0.00011606840604661,-0.000412109124610538,9.98074445968111e-05,-7.57066084644334e-05,-0.00029137399337888,3.89126145731444e-05,0.00017051181571294,0.00122623625260354,0.00114118619914946,-0.00128725813923003,-0.0305698258256459,-0.000187763164703925,-0.000636455084517151,-0.000636104318053277,-0.000861260265242247,-0.000777895099254217,-0.000916381018424506,8.61843112507366e-05,0.000113430577942886,-0.000448691919813227,2.72462666921491e-05,-0.000215667384914447,0.000131599201139795,-8.50500534540777e-05,-0.0292825676864159,-0.000225155947188971,-0.000138485919170289
policy_cf_standard_taylor,Standard Taylor rule,0,30,0.000114728213890469,-0.000405297764027202,9.47796996513262e-05,-6.26490085028708e-05,-0.00027564906754303,2.055419154183e-05,0.000162510710954522,0.00108542087181775,0.00111110105669308,-0.000169655813931247,-0.0286944791233119,-0.000214813756657772,-0.000595781771396742,-0.000621411105789171,-0.000855623517105997,-0.000678823522686334,-0.000851259310983815,8.31084177250752e-05,0.000106450981577577,-0.000380968014738969,2.3342563852502e-05,-0.000213000059040159,0.000141956519412692,2.56801848753374e-05,-0.0285248233093807,-0.000234212411316825,-0.000172435788297481
policy_cf_standard_taylor,Standard Taylor rule,0,31,0.000112879011551881,-0.000398825179553142,9.01042155152521e-05,-5.11441071919302e-05,-0.000261304748519521,4.21277236711814e-06,0.00015531160127541,0.000952266087614867,0.00107671194236317,0.000786851669031474,-0.0269004052028659,-0.000239494956065678,-0.000558155403040606,-0.000606061518827139,-0.000847662567853291,-0.000585699524853378,-0.000787204777550454,8.0175475747124e-05,0.000100032955283602,-0.000318660446974928,1.98574795364781e-05,-0.000210160641327591,0.000151098828908292,0.000124445854748301,-0.0276872568718973,-0.000241601049026152,-0.000201505252697076
policy_cf_standard_taylor,Standard Taylor rule,0,32,0.000110646420270255,-0.000391952578108312,8.58952092779308e-05,-4.11486494761477e-05,-0.000248379780579108,-1.00722716435547e-05,0.000149153752157197,0.000827664937032152,0.00103967298759103,0.00159484531433796,-0.0251882220852031,-0.000261385112931278,-0.000522520043285346,-0.000590236104310415,-0.000837714508370335,-0.000498813945652987,-0.000724478522506067,7.75262420351641e-05,9.42641765206975e-05,-0.000261134930354068,1.67379344855334e-05,-0.000207231131102961,0.000159226023800751,0.000212008050558876,-0.0267830673995411,-0.00024747840405992,-0.00022566457685308
policy_cf_standard_taylor,Standard Taylor rule,0,33,0.000108146988985203,-0.000384204381299824,8.214401243678e-05,-3.25554728339778e-05,-0.000236756134730046,-2.23619622932714e-05,0.000144055044635105,0.000712317518714325,0.00100141111935542,0.00226729170019357,-0.0235571054137176,-0.000280248766887259,-0.0004881599957125,-0.000574144790443598,-0.000826138309508617,-0.000418421495158,-0.000663432805559305,7.51799312335155e-05,8.91080936400446e-05,-0.000207911228825242,1.39281624065291e-05,-0.000204200661896068,0.000166417006928377,0.000289093600641097,-0.0258243971139112,-0.000251993519065019,-0.000245011310401305
policy_cf_standard_taylor,Standard Taylor rule,0,34,0.000105476210867428,-0.000375345244929326,7.87728915414565e-05,-2.52237222774345e-05,-0.000226240326382889,-3.27862817275926e-05,0.000139900840801885,0.000606658688017001,0.000963047945612791,0.00281726809570593,-0.0220051298327619,-0.000296030432809902,-0.00045466005704875,-0.000557983312140298,-0.00081326511736135,-0.000344705808686591,-0.000604442885300205,7.30842153182643e-05,8.44615677646487e-05,-0.000158629624238849,1.13773524463845e-05,-0.000201016604105454,0.000172687122529477,0.000356389257595791,-0.0248223979284679,-0.000255281805221053,-0.000259737076613614
policy_cf_standard_taylor,Standard Taylor rule,0,35,0.00010270458658046,-0.000365330624990334,7.56769529064449e-05,-1.90019128461167e-05,-0.000216622082799931,-4.15149008572008e-05,0.000136515409141641,0.000510841265180251,0.000925389219871259,0.00325767765849339,-0.0205296123670715,-0.000308822915290774,-0.000421838334689784,-0.000541910185814842,-0.000799372913973584,-0.000277753994656238,-0.000547854640587514,7.11552157075523e-05,8.01986901055596e-05,-0.00011301541939901,9.04347439800723e-06,-0.000197620169953815,0.000178030309998842,0.000414547954691008,-0.0237872900255649,-0.000257462728158742,-0.000270100645931276
policy_cf_standard_taylor,Standard Taylor rule,0,36,9.98790099546731e-05,-0.000354248711540772,7.27528016981616e-05,-1.374349101792e-05,-0.000207711076443752,-4.87333203980506e-05,0.000133712670352587,0.000424758168507011,0.00088895748484745,0.00360099388553792,-0.0191274145730476,-0.000318824965473863,-0.000389672457607571,-0.000526039110131715,-0.000784679200225735,-0.000217544023849214,-0.000493950742229327,6.93056382912172e-05,7.6199965105106e-05,-7.08474921337077e-05,6.8943268138888e-06,-0.000193967585425832,0.000182445990750638,0.000464199316340438,-0.0227284084585855,-0.00025864009009402,-0.000276406718380112
policy_cf_standard_taylor,Standard Taylor rule,0,37,9.70270792808314e-05,-0.000342265653787255,6.99151141327903e-05,-9.31576127735124e-06,-0.000199355342588794,-5.46256064062473e-05,0.000131327338337137,0.000348087345648507,0.000854046848873177,0.00385905638404793,-0.0177951823598481,-0.000326298731994301,-0.00035823257558032,-0.000510441492380775,-0.000769345323768933,-0.000163944585262005,-0.00044293410068455,6.74617112119691e-05,7.23685170538335e-05,-3.19338435860184e-05,4.90680584186443e-06,-0.000190039581311443,0.000185952944743384,0.000505959503224671,-0.021654238743896,-0.000258903831388158,-0.000278989515422545
policy_cf_standard_taylor,Standard Taylor rule,0,38,9.41624841042099e-05,-0.000329580726117218,6.71035924453278e-05,-5.60364304780757e-06,-0.000191446202814806,-5.93634890559414e-05,0.000129229948213502,0.000280346089052058,0.000820783949407919,0.00404292606349888,-0.0165295188514438,-0.000331533303004172,-0.000327628149230152,-0.000495154477263671,-0.000753486981499907,-0.000116724914792643,-0.000394925117138123,6.55709767380941e-05,6.86362081525616e-05,3.90515377401979e-06,3.06523141446746e-06,-0.000185842559766999,0.000188593437269444,0.000540437860355861,-0.0205724449149427,-0.000258332504236236,-0.00027820020234548
policy_cf_standard_taylor,Standard Taylor rule,0,39,9.12902142495842e-05,-0.000316393959989947,6.42831890733664e-05,-2.50986720791435e-06,-0.000183914528842694,-6.31007805440564e-05,0.000127330194478983,0.000220944967381995,0.000789184552815153,0.0041627978792933,-0.0153270963273426,-0.000334817223064721,-0.000297970696915173,-0.000480190939207925,-0.000737186762032049,-7.5571251238804e-05,-0.000349968487698249,6.36035109626842e-05,6.49628671838265e-05,3.68465261495476e-05,1.35935622114225e-06,-0.00018140466163478,0.00019043097502304,0.000568239585433158,-0.0194898942066359,-0.000256995822824124,-0.000274397236459445
policy_cf_standard_taylor,Standard Taylor rule,0,40,8.84108767587044e-05,-0.000302885933722186,6.14403095171578e-05,4.69267674805401e-08,-0.00017672248190633,-6.59717331973619e-05,0.000125572911060315,0.000169235262137468,0.00075920001807471,0.0042279631944484,-0.0141847189010842,-0.000336420403946769,-0.000269351463497491,-0.000465549065223447,-0.000720505990808085,-4.01066008608453e-05,-0.000308045490764158,6.15490742243985e-05,6.13315448099172e-05,6.70689404492775e-05,-2.17529414481277e-07,-0.00017676940867381,0.000191544644257677,0.000589964755937242,-0.0184126820955326,-0.000254956925584637,-0.000267938889903313
policy_cf_regional_balance_taylor,Regional-balance Taylor rule,2,1,0.00123566734798608,-0.0112994416786891,-0.0067214120839949,0.00273099086463065,0.0069794046581846,-0.00486905387882612,-0.00919897242663319,-0.00235256665541451,-0.00303815241077963,-0.00235256665541472,-0.00303815241077965,-0.0109107339384201,-0.011688149418958,-0.00807008265431486,-0.008127096686526,-0.000488084628690794,-0.000522900321652475,-0.00665009505057668,-0.00679272911741313,-0.000777415480537891,-0.000142634066836456,0.00424841379355394,-0.00432991854780707,-0.00068558575536512,-0.000685585755364926,-5.70140322111445e-05,-3.48156929616816e-05
policy_cf_regional_balance_taylor,Regional-balance Taylor rule,2,2,0.00149304750061119,-0.00977209247847466,-0.00368235848864529,0.00202549286413829,0.00516990476552959,-0.00383128459887562,-0.00713138324142525,-0.00458770123462816,-0.00561415647989431,-0.00688145372365723,-0.00857635508040433,-0.00921512277005188,-0.0103290621868974,-0.00457337836479588,-0.00461498045333208,-5.4043170627821e-05,-9.99252536711404e-05,-0.00363472075595017,-0.00372999622134051,-0.00111393941684557,-9.52754653903432e-05,0.0031444119013913,-0.00330009864254963,-0.00102645524526615,-0.0016949013567471,-4.16020885362078e-05,-4.58820830433193e-05
policy_cf_regional_balance_taylor,Regional-balance Taylor rule,2,3,0.00145210534713991,-0.00803703966073854,-0.00140134613418663,0.0012034976293929,0.00309271991163233,-0.00266715274914282,-0.00472678390270299,-0.00598520798122132,-0.00707499751520553,-0.0126946253617874,-0.0154369437185999,-0.00746916787913687,-0.00860491144234021,-0.00220389828010448,-0.0022024397177316,0.000719938382188978,0.000672525790596901,-0.00138184616365955,-0.00142084610471371,-0.00113574356320334,-3.8999941054163e-05,0.00188922228223943,-0.00205963115356017,-0.00108978953398421,-0.00274231835681249,1.45856237288022e-06,-4.74125915920776e-05
policy_cf_regional_balance_taylor,Regional-balance Taylor rule,2,4,0.00139316691502356,-0.00620459350793701,0.000227686669302285,0.000497034557911771,0.00134149020565443,-0.00161529745076401,-0.00261430484287856,-0.00637926926997728,-0.00737075896498257,-0.0187565289977201,-0.0224217790906178,-0.00570659929857653,-0.00670258771729737,-0.000790103224478145,-0.000746938165590239,0.0014627731958789,0.00141510941327552,0.000225540139711988,0.00022983319889236,-0.000995988418720839,4.29305918037137e-06,0.000844455647742662,-0.000999007392114545,-0.000991489695005288,-0.00366525009289775,4.31650588879062e-05,-4.76637826033743e-05
policy_cf_regional_balance_taylor,Regional-balance Taylor rule,2,5,0.00140203257782345,-0.00441515247965318,0.00131865459766956,-1.76078963195301e-05,0.000101746230533901,-0.000767633978444801,-0.00101765617921998,-0.00591314446319541,-0.00675066972413656,-0.0242007602359724,-0.0286119043374886,-0.00400716214441665,-0.00482314281488971,-7.72452066160056e-05,-6.41634285125647e-06,0.00198322752539479,0.0019339432520982,0.00130483749911758,0.00133247169622153,-0.00081598067047306,2.76341971039429e-05,0.000119354126853431,-0.000250022200775177,-0.000837525260941149,-0.00441114410151622,7.08288637647492e-05,-4.92842732965904e-05
policy_cf_regional_balance_taylor,Regional-balance Taylor rule,2,6,0.00147719786556944,-0.0028020007486893,0.00198182024680715,-0.000339104776537954,-0.000636944112474289,-0.000144247756852831,4.11533746962067e-05,-0.0048640193432337,-0.00556621342533245,-0.0284597605733072,-0.0334628201543841,-0.00246659282503625,-0.00313740867234236,0.000176563946976738,0.000259128379410778,0.00222086257122076,0.0021696763735794,0.00196527582851758,0.00199836466509695,-0.000670815847306105,3.30888365793758e-05,-0.000297839335936335,0.000185401131549037,-0.000702194082098748,-0.00500305958107683,8.25644324340402e-05,-5.11861976413563e-05
policy_cf_regional_balance_taylor,Regional-balance Taylor rule,2,7,0.00158575349600665,-0.00145877300897335,0.00232006725782319,-0.000499946468091454,-0.000970798736872749,0.000272272277387048,0.000637392415969884,-0.00352604971567227,-0.00415109061518723,-0.0312743162746467,-0.0367773402657119,-0.00116184251957485,-0.00175570349837184,0.000166897665555332,0.000248745754047652,0.00219730953054206,0.00214664136276768,0.00230673085726663,0.00233340365837975,-0.00059386097879699,2.66728011131256e-05,-0.000470852268781295,0.000365120138582836,-0.000625040899514956,-0.00550302399106517,8.18480884923201e-05,-5.06681677743814e-05
policy_cf_regional_balance_taylor,Regional-balance Taylor rule,2,8,0.0016912826795723,-0.00042763731147355,0.00242549838733574,-0.000544012469698402,-0.00102163141451898,0.000517832866610043,0.000884585552177658,-0.00214534876574331,-0.00276204652401922,-0.0326378071335238,-0.0386199532830886,-0.000133596943596048,-0.000721677679351052,3.57850000326509e-05,0.000109506500161172,0.00197596682211459,0.00193086234450712,0.00241802377979061,0.00243297299488066,-0.000588080735755003,1.49492150900432e-05,-0.000477618944820577,0.000366752685567615,-0.000616697758275914,-0.00598214614956483,7.37215001285207e-05,-4.51044776074716e-05
policy_cf_regional_balance_taylor,Regional-balance Taylor rule,2,9,0.00176609211830314,0.000295874818944553,0.00237625058360869,-0.000514203509883224,-0.000904308069880627,0.000634725303785819,0.000899886412648418,-0.000893727774241834,-0.00156175270842986,-0.032715589729428,-0.0392162071594413,0.000615033896718575,-2.32842588295812e-05,-0.000124029438232864,-6.13660970476548e-05,0.0016327911091932,0.00159983454664786,0.00237465464676601,0.00237784652045159,-0.000638318155548157,3.19187368558183e-06,-0.000390104559997403,0.000265161108862599,-0.000668024934188022,-0.00650061743001329,6.26633411852096e-05,-3.29565625453443e-05
policy_cf_regional_balance_taylor,Regional-balance Taylor rule,2,10,0.00179475206570645,0.000749435325364534,0.00223455459483657,-0.000446182212369195,-0.000711113093522861,0.000663755180530495,0.000784903208795415,0.000132377351320878,-0.00062691645336313,-0.0317653226348713,-0.0388627184338186,0.00111029504370896,0.000388575607019881,-0.000259953602609553,-0.000208242607541709,0.00123787129499756,0.00122373466792472,0.0022371993413417,0.00223190984833144,-0.000721719436689083,-5.28949301026316e-06,-0.000264930881153666,0.00012114802826492,-0.000759293804684008,-0.0070973957989473,5.1710995067844e-05,-1.4136627072836e-05
policy_cf_regional_balance_taylor,Regional-balance Taylor rule,2,11,0.00177311802230173,0.000988523048212508,0.00204653723105097,-0.000366042017911526,-0.00050682011843391,0.000639627916126886,0.000617134696446017,0.000899159533038776,3.14569335607418e-05,-0.0300720300359609,-0.0378596935394127,0.00139613422285079,0.000580911873574008,-0.000348983636914713,-0.000306615050056136,0.000845958326726792,0.000856069990069347,0.00205108287046651,0.00204199159163565,-0.000815222349276779,-9.09127883086391e-06,-0.000140778100522385,-2.24932196808691e-05,-0.000867702599478035,-0.00778766350345172,4.23685868585766e-05,1.01116633425546e-05
policy_cf_regional_balance_taylor,Regional-balance Taylor rule,2,12,0.00170538940977671,0.00107312017726979,0.00184361675617351,-0.000290435664402531,-0.000330234876926667,0.000588909137877874,0.000448561417213958,0.00141725511377133,0.00044468526017695,-0.0279029741712904,-0.0364685159407503,0.00152313782855895,0.000623102525980412,-0.000387671707044901,-0.000352750263506785,0.000493554421832576,0.000531167529310372,0.00184775769692691,0.00183947581541988,-0.000900035302578539,-8.28188150703291e-06,-3.9799212524136e-05,-0.000140347720663916,-0.000972569853594382,-0.00856554176945989,3.49214435381162e-05,3.76131074777963e-05
policy_cf_regional_balance_taylor,Regional-balance Taylor rule,2,13,0.00160073266622107,0.00105828734125857,0.0016449737505313,-0.000228072842185496,-0.000199121828396643,0.000529865732666446,0.000308598132908178,0.00172358747280495,0.000665357530371863,-0.0254818123442035,-0.0348914455118599,0.00154007712152593,0.000576497560991207,-0.000383706015907426,-0.000354815961290611,0.000200195664628339,0.000265955991909927,0.00164689764200765,0.00164304985905495,-0.000963579560534722,-3.84778295270394e-06,2.89510137888526e-05,-0.000221267599758268,-0.00105822994243308,-0.00940963316765631,2.88900546168147e-05,6.57603272815888e-05
policy_cf_regional_balance_taylor,Regional-balance Taylor rule,2,14,0.00147030427891859,0.000988839862398949,0.00146049225794131,-0.000181784850251047,-0.000116314313288526,0.000473497617778262,0.000209182972200822,0.00186626455460025,0.000751228655952604,-0.0229785024809983,-0.033267930718111,0.00148863731882387,0.000489042405973805,-0.000349558013431284,-0.000326097136197689,-2.80692223450785e-05,6.39108862189874e-05,0.00145908212738033,0.00146190238850252,-0.000999594912850066,2.82026112219391e-06,6.54705369625211e-05,-0.00026431464557744,-0.00111503589864764,-0.0102894282371127,2.34608772335942e-05,9.19801085640659e-05
policy_cf_regional_balance_taylor,Regional-balance Taylor rule,2,15,0.0013250421164992,0.000897469113938731,0.00129365671417569,-0.00015061046201841,-7.5573591041829e-05,0.000425156150627909,0.000150375962608904,0.00189372953600039,0.000754700930943736,-0.0205103103829729,-0.0316815315192143,0.00140103212228504,0.000393906105592201,-0.000298208539703304,-0.000280394997746458,-0.000194488874011994,-8.03998276050211e-05,0.00128849663846098,0.00129881678989019,-0.00100712601669284,1.03201514292106e-05,7.50368709765809e-05,-0.000274780188019005,-0.00113902860505666,-0.0111712211362414,1.78135419568459e-05,0.000114089046406973
policy_cf_regional_balance_taylor,Regional-balance Taylor rule,2,16,0.00117429344454045,0.000805298150800882,0.00114405776321425,-0.000131580365967687,-6.6401534287162e-05,0.000386288264696485,0.00012542181024594,0.00184815343213401,0.000717323499774034,-0.0181493991912647,-0.0301721697314599,0.00129979803990432,0.000310798261697443,-0.000240683216463644,-0.000229361794996552,-0.000307672175766133,-0.000177163443079914,0.00113531428539848,0.00115280124103023,-0.000988999778206878,1.74869556317514e-05,6.51788316805247e-05,-0.000260866454450545,-0.00113082993235998,-0.0120227705401952,1.1321421467092e-05,0.000130508732686219
policy_cf_regional_balance_taylor,Regional-balance Taylor rule,2,17,0.00102517553793957,0.000723848756905454,0.0010093339501358,-0.000121055605239728,-7.75014263720893e-05,0.000356005236128207,0.000124734574465199,0.00176237669979777,0.000668151497748654,-0.0159332875116851,-0.0287497139904249,0.00119896976587386,0.000248727747936828,-0.000184987098201916,-0.00018134969303385,-0.000378419835721983,-0.000238074056777948,0.000997579229283563,0.00102108867098805,-0.000950242017937031,2.35094417044834e-05,4.35541788676389e-05,-0.000231270661663008,-0.00109422520204912,-0.0128164264787398,3.63740516806654e-06,0.000140345778944034
policy_cf_regional_balance_taylor,Regional-balance Taylor rule,2,18,0.000882486152472328,0.000657572440684762,0.000886517789737251,-0.000115602243673911,-9.89147819268378e-05,0.000332319622110638,0.000138644687366199,0.00165942893809645,0.000624659356936383,-0.0138755263857968,-0.0274063117837282,0.00110592888996042,0.000209215991409106,-0.000135998252603686,-0.000141304599235892,-0.00041750179553246,-0.000274138766291371,0.000872545127224233,0.000900490452250491,-0.000896712898551311,2.79453250262574e-05,1.66874617470733e-05,-0.000193674934744439,-0.00103476958116007,-0.0135307853979314,-5.30634663220564e-06,0.000143363029241089
policy_cf_regional_balance_taylor,Regional-balance Taylor rule,2,19,0.000748966280931684,0.00060634571414897,0.000772849639547601,-0.000112462181930392,-0.00012305409660817,0.000313005894622756,0.000159001644075618,0.00155365086933217,0.00059503042725946,-0.0119749873568198,-0.0261261235618755,0.00102339317301747,0.000189298255280468,-9.59233307956664e-05,-0.000111274997312671,-0.000434334365519068,-0.000294457174666418,0.000757514072865728,0.000788185206229475,-0.000834094917737005,3.06711333637466e-05,-1.05919146777779e-05,-0.000154004250547138,-0.000958620442072705,-0.0141511362050557,-1.5351666517005e-05,0.00013987719085265
policy_cf_regional_balance_taylor,Regional-balance Taylor rule,2,20,0.000625741036617278,0.000567575567868239,0.000666172451023073,-0.000109716847699191,-0.00014493071852616,0.000296114570145001,0.000179861928153266,0.00145259496529689,0.000580909597400994,-0.0102230177076024,-0.0248920608754277,0.000951204872274847,0.000183946263461632,-6.50011140947981e-05,-9.11923353571487e-05,-0.000436388978927282,-0.000305770998582255,0.000650272705193133,0.000682072196853012,-0.000767258608813215,3.17994916598785e-05,-3.52138708269696e-05,-0.000116252641991735,-0.000871685367895891,-0.0146690431678254,-2.61912212623505e-05,0.000130617980345027
policy_cf_regional_balance_taylor,Regional-balance Taylor rule,2,21,0.000512806100158913,0.000537763657412871,0.000565034109453189,-0.000106247418044975,-0.000161877601572821,0.00028020948363762,0.000197537356744243,0.00135909976129181,0.000580006595657143,-0.0086083425036203,-0.023689752757885,0.000887744561529402,0.000187782753296117,-4.22350769956337e-05,-7.96819116998249e-05,-0.000429120122766774,-0.000312541930661159,0.000549239487914077,0.000580828730992078,-0.000699961808233285,3.15892430780007e-05,-5.56301835278458e-05,-8.26721268933767e-05,-0.000779093165634667,-0.0150814102542647,-3.74468347041912e-05,0.000116578192105615
policy_cf_regional_balance_taylor,Regional-balance Taylor rule,2,22,0.000409472693702284,0.000513521759748725,0.00046861358280692,-0.000101583430062608,-0.000173020736792824,0.000264410872942655,0.000210263721142925,0.00127315560067495,0.000588211598654284,-0.00711997834035527,-0.0225092973402834,0.000830923548717832,0.000196119970779618,-2.60244280080313e-05,-7.47598640786773e-05,-0.000416207623949172,-0.000317331763796058,0.000453430997633397,0.000483796167980444,-0.000634803577938214,3.03651703470464e-05,-7.14373067302156e-05,-5.414715179973e-05,-0.000684944002020668,-0.0153893189999281,-4.8735436070646e-05,9.88758601531137e-05
policy_cf_regional_balance_taylor,Regional-balance Taylor rule,2,23,0.000314724687710655,0.00049211743830968,0.000376563652538575,-9.57105878640705e-05,-0.00017868678254189,0.000248321972814922,0.000217700546225191,0.00119336955240575,0.000601099273298142,-0.00574860932944032,-0.0213454656334782,0.000778790057223588,0.000205444819395995,-1.46344368737727e-05,-7.43505539793077e-05,-0.000399945058308537,-0.000321303899922992,0.000362335593908414,0.000390791711168958,-0.000573345237827594,2.84561172605446e-05,-8.29761946778192e-05,-3.06214265897303e-05,-0.000592270279107604,-0.0155968563040378,-5.97161171055349e-05,7.86411583855451e-05
policy_cf_regional_balance_taylor,Regional-balance Taylor rule,2,24,0.000227472837335707,0.000471667572311096,0.000288835385674036,-8.88853227144232e-05,-0.000179866454561304,0.000231901974916682,0.000220411388887939,0.00111797837172817,0.000614843061902251,-0.00448691572447624,-0.0201969859307392,0.000729827245774528,0.000213507898847443,-6.49739745495204e-06,-7.66147345743207e-05,-0.000381653728498743,-0.000324720428480391,0.000275758354335576,0.000301912417012717,-0.000516319346927085,2.61540626771417e-05,-9.0981131846881e-05,-1.14905860287423e-05,-0.000503135309825917,-0.0157100702062629,-7.01173371193686e-05,5.69333000183525e-05
policy_cf_regional_balance_taylor,Regional-balance Taylor rule,2,25,0.000146712183617614,0.000451101993715008,0.000205523633497462,-8.14827070020532e-05,-0.0001777948334051,0.00021532984604837,0.000219414922493152,0.00104544888579514,0.000626643852741166,-0.00332929394556913,-0.0190654174297293,0.000683034369360236,0.000219169618070003,-3.66221534986444e-07,-8.01130941470163e-05,-0.000362048294899997,-0.000327361140524285,0.000193677387260616,0.00021736987973453,-0.000463864751290233,2.36924924739146e-05,-9.63121264030472e-05,4.08507644478195e-06,-0.000418805033053971,-0.0157361234841602,-7.97468726120298e-05,3.46871543757121e-05
policy_cf_regional_balance_taylor,Regional-balance Taylor rule,2,26,7.16003072092075e-05,0.000430003298222514,0.0001267519428374,-7.38879556411859e-05,-0.000173666028812809,0.000198885913004196,0.00021584837162833,0.000974751992785752,0.000634809371157369,-0.00227130960414446,-0.0179539726228288,0.000637876174172103,0.000222130422273148,4.64302935143657e-06,-8.38458453725766e-05,-0.000341518847965017,-0.000328833103511728,0.000116131888407089,0.00013737199726771,-0.000415745751898955,2.12401088606207e-05,-9.97780731716233e-05,1.6962458624134e-05,-0.000339942621628384,-0.0156826630186844,-8.84888747240131e-05,1.26857444532891e-05
policy_cf_regional_balance_taylor,Regional-balance Taylor rule,2,27,1.47841837927487e-06,0.000408403066779917,5.26004789269674e-05,-6.64306076341376e-05,-0.000168471339082162,0.000182863727745008,0.000210749903010912,0.000905410435045814,0.000638618323661022,-0.00130911642899489,-0.016866504983597,0.000594169014999091,0.000222637118560742,9.08079390837813e-06,-8.72119988080122e-05,-0.000320322213955254,-0.000328769206292184,4.31479180316163e-05,6.20530398225405e-05,-0.000371531896438348,1.89051217909242e-05,-0.000102040731448024,2.78861752659038e-05,-0.000266792111384792,-0.0155573885546021,-9.62927927163904e-05,-8.44699233693014e-06
policy_cf_regional_balance_taylor,Regional-balance Taylor rule,2,28,-6.41434563104504e-05,0.000386587277791506,-1.69283956089616e-05,-5.93541285660876e-05,-0.000162935186390937,0.000167514436966013,0.000204945109289145,0.000837413122971573,0.0006380811248691,-0.000438975395298247,-0.0158067612341384,0.000551952089257624,0.00022122246632561,1.32316253149689e-05,-8.99267942766624e-05,-0.00029869265902896,-0.000326931864266911,-2.53012006635744e-05,-8.55559055445987e-06,-0.000330729622932013,1.67456101091146e-05,-0.000103581057824849,3.74306723231327e-05,-0.000199331998102473,-0.0153677858388401,-0.000103158419591631,-2.8239205237951e-05
policy_cf_regional_balance_taylor,Regional-balance Taylor rule,2,29,-0.000125619518457798,0.000364939560248745,-8.19164325596144e-05,-5.28111109486225e-05,-0.000157518443897125,0.000153019590643996,0.000199012503263374,0.000771070086452427,0.000633678618316799,0.000343069076036429,-0.0147779135849682,0.000511373169579832,0.00021850595091788,1.71936947593876e-05,-9.19266519576745e-05,-0.000276890611632108,-0.000323246015441259,-8.93075688628286e-05,-7.45252962564003e-05,-0.000292867218661952,1.47822726064284e-05,-0.000104707332948502,4.59929126193775e-05,-0.000137391468135628,-0.0151209826610046,-0.000109120346717062,-4.63554038091507e-05
policy_cf_regional_balance_taylor,Regional-balance Taylor rule,2,30,-0.000183206541131353,0.000343832509547504,-0.000142518041609807,-4.68742977706499e-05,-0.000152460800469857,0.000139485347639579,0.000193300902390198,0.000706859744650359,0.000626129708514236,0.00104135209378597,-0.0137823360368294,0.00047260278025929,0.000215062238835717,2.09529964741995e-05,-9.32810149956165e-05,-0.00025520996086531,-0.000317786454682861,-0.000149023516715641,-0.000136012566503863,-0.000257540541423573,1.30109502117781e-05,-0.000105586502699207,5.38155547506192e-05,-8.0730036136123e-05,-0.0148236881306154,-0.000114234011469816,-6.2576493817551e-05
policy_cf_regional_balance_taylor,Regional-balance Taylor rule,2,31,-0.000237099282538678,0.000323565056037145,-0.000198940127653091,-4.15552201467355e-05,-0.000147839439731848,0.000126950452565458,0.000187974651591663,0.000645299142734937,0.00061621304067884,0.001660617434176,-0.0128215645952299,0.000435779794301983,0.000211350317772308,2.44429851937733e-05,-9.41215228565939e-05,-0.000233962333626631,-0.000310741200049952,-0.000204646796496788,-0.000193233458809394,-0.000224429476529675,1.14133376873937e-05,-0.000106284219585113,6.1024199026205e-05,-2.90861020560973e-05,-0.0144821820294059,-0.000118564508050367,-7.67788664233215e-05
policy_cf_regional_balance_taylor,Regional-balance Taylor rule,2,32,-0.000287458714071542,0.00030433716012257,-0.000251420026050941,-3.68244453699956e-05,-0.000143628166701285,0.000115401254522862,0.000183068206732737,0.000586850831204827,0.000604648867369606,0.0022059528295264,-0.0118963766129796,0.000400984747739308,0.000207689572506053,2.75864796630554e-05,-9.45920477498641e-05,-0.000213452563128685,-0.000302367247113716,-0.000256402610342543,-0.00024643744175934,-0.000193295175233255,9.96516858320362e-06,-0.000106803721331289,6.76669522098744e-05,1.77980361647789e-05,-0.014102329442506,-0.000122178527412919,-8.89146839850308e-05
policy_cf_regional_balance_taylor,Regional-balance Taylor rule,2,33,-0.000334431750355524,0.000286250645640918,-0.000300205889540162,-3.26296643311033e-05,-0.000139747615403189,0.000104788650423765,0.000178537767460116,0.00053186811293926,0.000592035181904843,0.00268267212172768,-0.0110069320157504,0.000368234001194789,0.000204267290086824,3.03207433360875e-05,-9.48184949610686e-05,-0.000193954855080447,-0.000292949396856923,-0.000304526783748926,-0.000295884995331508,-0.000163966711107966,8.64178841741836e-06,-0.000107117951072086,7.37491170363508e-05,6.01670689655831e-05,-0.0136896041374781,-0.000125139238297156,-9.89945417764759e-05
policy_cf_regional_balance_taylor,Regional-balance Taylor rule,2,34,-0.000378163065611892,0.000269325373112084,-0.000345541722426734,-2.89097450220845e-05,-0.000136102443889124,9.50436054176357e-05,0.00017430319323547,0.00048057322484947,0.00057882608327349,0.00309617854353395,-0.0101529326320828,0.000337487225730237,0.00020116352049393,3.26089024476062e-05,-9.48947012440193e-05,-0.000175694901566908,-0.000282767861535443,-0.000349252435642322,-0.000341831009211035,-0.000136323705236308,7.42142643128663e-06,-0.00010719269886704,7.92595878178343e-05,9.82528584240194e-05,-0.0132491111756168,-0.000127503603691626,-0.000107072959968535
policy_cf_regional_balance_taylor,Regional-balance Taylor rule,2,35,-0.000418800579601752,0.000253521932114031,-0.000387657624645321,-2.56042827139844e-05,-0.000132605151744498,8.60894807099832e-05,0.000170277747626499,0.000433059769895078,0.000565338655311109,0.00345183384984082,-0.00933377066096996,0.000308661577402614,0.000198382286825449,3.44416852802176e-05,-9.48798159815523e-05,-0.000158839877772654,-0.000272076552504191,-0.000390800959989668,-0.000384514289301086,-0.000110279290577164,6.28667068858224e-06,-0.000107000869030514,8.41882669165156e-05,0.000132278885416032,-0.0127856045108108,-0.00012932150126177,-0.000113236674731537
policy_cf_regional_balance_taylor,Regional-balance Taylor rule,2,36,-0.000456496522094119,0.000238764612365383,-0.000426764749694053,-2.26590720437637e-05,-0.000129188395491973,7.78506117215944e-05,0.000166386128073098,0.000389310242859736,0.000551775816496083,0.00375484824645467,-0.00854865057794951,0.00028164754784088,0.000195881676889886,3.58333250132237e-05,-9.48027012809272e-05,-0.000143496020032108,-0.000261091438325228,-0.000429377097723282,-0.000424152401664935,-8.57658709509934e-05,5.22469605834797e-06,-0.000106529323448209,8.85355163515039e-05,0.000162465573636347,-0.0123034988244042,-0.000130636026294151,-0.00011759541829312
policy_cf_regional_balance_taylor,Regional-balance Taylor rule,2,37,-0.000491405871263728,0.000224960928604689,-0.000463053931733515,-2.00283826953104e-05,-0.000125808695345835,7.02573843611304e-05,0.000162572874175843,0.000349220706168621,0.000538255255791348,0.00401019774646194,-0.00779667905770953,0.00025632325592384,0.00019359860128576,3.6814783486272e-05,-9.46696637865729e-05,-0.000129712233731039,-0.000249986990719125,-0.000465167303230318,-0.0004609405602366,-6.272465463808e-05,4.22674299371817e-06,-0.000105780312650524,9.23154898147122e-05,0.000189034549622727,-0.0118068768041715,-0.000131484447272845,-0.000120274756988087
policy_cf_regional_balance_taylor,Regional-balance Taylor rule,2,38,-0.000523683612354553,0.000212016047685504,-0.000496696777808725,-1.76750489707693e-05,-0.000122444569784207,6.32484942222067e-05,0.000158803879125868,0.000312626668694027,0.000524837680394977,0.00422256947149435,-0.00707692440087193,0.000232565519582506,0.000191466575788501,3.74265569239585e-05,-9.44728553166074e-05,-0.000117487706035424,-0.000238898249289798,-0.000498340399467945,-0.000495053156149505,-4.10989437940046e-05,3.28724331843944e-06,-0.000104769520813438,9.55553849036617e-05,0.00021221101170095,-0.0112994938723663,-0.000131899412240566,-0.000121410543254374
policy_cf_regional_balance_taylor,Regional-balance Taylor rule,2,39,-0.000553481832911595,0.000199841948657964,-0.000527848117605201,-1.55693003429415e-05,-0.000119091742779919,5.67712247741131e-05,0.00015506367305046,0.000279326353002651,0.000511550487447346,0.00439633158770958,-0.00638845080340245,0.000210257243231649,0.000189426654084279,3.77124451670374e-05,-9.41976908643838e-05,-0.00010678155493804,-0.000227926142498752,-0.000529049553876448,-0.000526646681333953,-2.08305891473692e-05,2.40287254249516e-06,-0.000103522442436978,9.82924482763464e-05,0.000232224134444695,-0.010784782391112,-0.000131910136031421,-0.000121144587560712
policy_cf_regional_balance_taylor,Regional-balance Taylor rule,2,40,-0.000580947261971554,0.000188362045729473,-0.000556648935691406,-1.36870661668776e-05,-0.000115757425313201,5.07805395953825e-05,0.000151350697150957,0.000249099406610068,0.00049840527363601,0.00453552270462687,-0.0057303342596815,0.00018929143656865,0.000187432654890296,3.77149342503103e-05,-9.38284797926681e-05,-9.75229042917691e-05,-0.000217144138953101,-0.000557434785541377,-0.000555863085841546,-1.8587816783544e-06,1.57169969983162e-06,-0.000102070359146323,0.000100570157555574,0.000249305867025942,-0.0102658569643084,-0.000131543414042978,-0.000119621234661332
