scenario,label,psi_L,ucrit,nu,horizon,u1,u2,u1_dev,u2_dev,pressure1,pressure2,debt_ratio1,debt_ratio2,ds1,ds2,fs1,fs2,ig1,ig2,kg1,kg2,y1,y2,c1,c2,pinf1,pinf2,u_gap,pressure_gap,debt_ratio_gap,ds_gap,fs_gap,ig_gap,kg_gap,y_gap,c_gap,pinf_gap
policy_cf_baseline,Baseline debt-limit rule,0.15,0.9,25,1,0.498914981182404,0.858436144671774,-0.00108501881759643,0.00843614467177378,-4.85955041451893e-08,0.00203869297433627,0.0119745978213264,0.0421164357693841,0.00730571237693996,0.0183256318124789,-0.0135972954522639,-0.0244387764799229,-0.014465310506341,-0.0145139003954832,-0.014465310506341,-0.0145139003954831,-0.0321065321885088,-0.0321915596849444,-0.0170191076150267,-0.0169813641303125,-0.0177605728110413,-0.0178204598975047,0.00952116348937021,0.00203874156984042,0.0301418379480577,0.011019919435539,-0.010841481027659,-4.85898891421921e-05,-4.85898891420256e-05,-8.50274964355746e-05,3.77434847141922e-05,-5.98870864634282e-05
policy_cf_baseline,Baseline debt-limit rule,0.15,0.9,25,2,0.488129279053901,0.855999216303305,-0.0118707209460989,0.00599921630330547,-4.66299842437971e-07,0.00141605403191106,0.00141991845861917,0.0346097238050815,0.00392941318241188,0.0100155638148359,-0.00927739316172153,-0.0152476270341236,-0.0179059548645237,-0.0181146015852629,-0.0320096326082062,-0.0322656544708586,-0.0272912380387457,-0.027551822271781,-0.00951399552706877,-0.00945343574434176,-0.00996415353494184,-0.0100307091056335,0.0178699372494043,0.0014165203317535,0.0331898053464624,0.00608615063242405,-0.00597023387240206,-0.000208646720739218,-0.000256021862652389,-0.000260584233035321,6.05597827270099e-05,-6.65555706916843e-05
policy_cf_baseline,Baseline debt-limit rule,0.15,0.9,25,3,0.475402183607323,0.848843900160505,-0.0245978163926773,-0.00115609983949527,-8.34112073803382e-07,-0.000254586978031704,-0.0124010128381822,0.0173543318059111,0.00123737457082268,0.00348259337509866,-0.00480248723126744,-0.00703644838687484,-0.0149841635885303,-0.0154544673784052,-0.0461935553815311,-0.0469134804874924,-0.0181931006898991,-0.0187144492641408,-0.00421106395760118,-0.00414198649304443,-0.00408287659566209,-0.00415493505422637,0.0234417165531821,-0.0002537528659579,0.0297553446440933,0.00224521880427598,-0.00223396115560739,-0.000470303789874935,-0.000719925105961305,-0.000521348574241687,6.90774645567549e-05,-7.20584585642836e-05
policy_cf_baseline,Baseline debt-limit rule,0.15,0.9,25,4,0.465072919886463,0.841270229443267,-0.0349270801135368,-0.00872977055673296,-1.05756159722707e-06,-0.00178588154784254,-0.0241080978111018,0.000116096202385507,-0.000354520292727388,-0.000324677236177223,-0.00152353995542191,-0.00164769238688514,-0.00978695093210973,-0.0105578932306943,-0.0548256674291023,-0.0562985367059992,-0.00958391569931916,-0.0103864145044242,-0.00126966178878729,-0.00119727506896583,-0.000564455078639559,-0.000634082198002317,0.0261973095568038,-0.00178482398624531,0.0242241940134873,2.9843056550165e-05,-0.000124152431463229,-0.000770942298584557,-0.00147286927689683,-0.000802498805105079,7.23867198214601e-05,-6.96271193627584e-05
policy_cf_baseline,Baseline debt-limit rule,0.15,0.9,25,5,0.458601353149956,0.835409580002245,-0.0413986468500441,-0.0145904199977552,-1.17084923802758e-06,-0.00281970629756525,-0.0317267804128925,-0.0126420026183903,-0.00101182315601708,-0.00185882932977377,0.000329816613023018,0.000999878716393884,-0.00484743677618303,-0.00589500297892641,-0.0583024625195576,-0.0607860762672758,-0.00348034266785691,-0.00452319737896878,-0.000103354308803261,-2.66795764899408e-05,0.0010220841197317,0.000964329811426801,0.0268082268522888,-0.00281853544832722,0.0190847777945022,-0.000847006173756692,0.000670062103370866,-0.00104756620274338,-0.00248361374771822,-0.00104285471111187,7.66747323133199e-05,-5.77543083049026e-05
policy_cf_baseline,Baseline debt-limit rule,0.15,0.9,25,6,0.455707816569092,0.831792585621501,-0.0442921834309085,-0.0182074143784986,-1.2158670001029e-06,-0.0033976902447577,-0.0353982299528514,-0.0201223591999112,-0.00108260641351868,-0.00199177950934765,0.00106520677305462,0.00174526625561991,-0.00124962249163715,-0.00251002125113692,-0.0580945234482053,-0.0617764456117311,-8.87919796883629e-05,-0.00129812830420473,2.7190902313512e-05,0.000110404719847801,0.00138098318662094,0.0013418083276886,0.0260847690524099,-0.0033964743777576,0.0152758707529402,-0.000909173095828975,0.00068005948256529,-0.00126039875949976,-0.00368192216352581,-0.00120933632451636,8.32138175342889e-05,-3.91748589323448e-05
policy_cf_baseline,Baseline debt-limit rule,0.15,0.9,25,7,0.455394793022475,0.830084074014238,-0.0446052069775253,-0.0199159259857621,-1.2205446878747e-06,-0.00365573916434871,-0.0361801519977632,-0.0233733196228613,-0.000884975532326208,-0.00150247605968999,0.00112795877640241,0.00149161734359966,0.000877539939108607,-0.000518396312004482,-0.0557646204228917,-0.0607504307834423,0.00123996603935739,-5.71815368588524e-05,-0.000281835513523121,-0.000191680434370012,0.00114322647297915,0.00112497359890384,0.0246892809917633,-0.00365451861966083,0.0128068323749019,-0.000617500527363786,0.00036365856719725,-0.00139593625111309,-0.00498581036055068,-0.00129714757621624,9.01550791531092e-05,-1.82528740753085e-05
policy_cf_baseline,Baseline debt-limit rule,0.15,0.9,25,8,0.456604902247408,0.829657592336051,-0.043395097752592,-0.0203424076639489,-1.20225677408037e-06,-0.00371870525539546,-0.035254692832274,-0.0239590793794824,-0.000630257026606609,-0.00089900545047506,0.000894123789886708,0.000904101402963389,0.00186221116983307,0.000402358252155469,-0.0525082937424859,-0.0588293117617011,0.00134653657550099,2.68350689542896e-05,-0.000662128355602754,-0.000567271628563737,0.000735447886984764,0.000736573285122111,0.0230526900886431,-0.00371750299862138,0.0112956134527916,-0.00026874842386845,9.97761307668099e-06,-0.0014598529176776,-0.00632101801921525,-0.0013197015065467,9.48567270390166e-05,1.12539813734713e-06
policy_cf_baseline,Baseline debt-limit rule,0.15,0.9,25,9,0.458527315542611,0.829928567104443,-0.0414726844573892,-0.0200714328955566,-1.17204217801284e-06,-0.00367876463476666,-0.0335464249321606,-0.0232366505709507,-0.000423242741293579,-0.000426797763526542,0.000603661451021878,0.000355243844184075,0.00214159208718383,0.000674037689351481,-0.0490539943117394,-0.0566845412783072,0.000920693415623175,-0.000376799894409974,-0.000944358127388911,-0.000848957230403014,0.000380234717918704,0.000396793164155085,0.0214012515618326,-0.00367759259258864,0.0103097743612099,-3.555022232963e-06,-0.000248417606837803,-0.00146755439783235,-0.00763054696656784,-0.00129749331003315,9.54008969858977e-05,1.6558446236381e-05
policy_cf_baseline,Baseline debt-limit rule,0.15,0.9,25,10,0.46066378696624,0.830486472726455,-0.0393362130337598,-0.0195135272735448,-1.13671483459105e-06,-0.00359580213136646,-0.0316277115154183,-0.0221037798586482,-0.000293680799474198,-0.000149753195560215,0.000371447898342078,-1.22897111711207e-05,0.00208062503724539,0.000644069844136883,-0.0457470194167002,-0.0546233579022126,0.000396852721026297,-0.000853311051404515,-0.00108960020379045,-0.000998483823313245,0.000153035986284911,0.000180252493409139,0.019822685760215,-0.00359466541653187,0.00952393165677012,0.000143927603913983,-0.000383737609513199,-0.00143655519310851,-0.00887633848551239,-0.00125016377243081,9.11163804772075e-05,2.72165071242281e-05
policy_cf_baseline,Baseline debt-limit rule,0.15,0.9,25,11,0.462772346501588,0.831102961653971,-0.0372276534984122,-0.0188970383460292,-1.09994912543069e-06,-0.0035029764244594,-0.0297746053360448,-0.0210204484931418,-0.000231332525987137,-3.72695896658417e-05,0.000227649728611307,-0.000192766702490313,0.00191449735688912,0.00053251438870465,-0.0426888465743933,-0.0527252595659529,-1.87936567122016e-05,-0.00121136132571609,-0.00112364838785095,-0.0010412274138677,4.72472360852905e-05,8.06751563007246e-05,0.018330615152383,-0.00350187647533397,0.00875415684290306,0.000194062936321296,-0.00042041643110162,-0.00138198296818447,-0.0100364129915596,-0.00119256766900389,8.24209739832549e-05,3.34279202154342e-05
policy_cf_baseline,Baseline debt-limit rule,0.15,0.9,25,12,0.464774365570268,0.831684827651643,-0.0352256344297323,-0.0183151723483569,-1.06320101968697e-06,-0.00341424338361066,-0.0280713930447803,-0.0201405244752569,-0.000212236471022156,-2.8126311226586e-05,0.000158781388176127,-0.00023901164521431,0.00176039664311975,0.000445536587341283,-0.0398612287669136,-0.0509615914894632,-0.000272786247513812,-0.00140673711104533,-0.00109126209560262,-0.00102088604389683,2.44568715910276e-05,6.05911343403154e-05,0.0169104620813754,-0.00341318018259097,0.00793086856952335,0.00018411015979557,-0.000397793033390437,-0.00131486005577847,-0.0111003627225497,-0.00113395086353152,7.03760517057894e-05,3.61342627492878e-05
policy_cf_baseline,Baseline debt-limit rule,0.15,0.9,25,13,0.466671951241371,0.832216908296481,-0.0333280487586286,-0.017783091703519,-1.02663035562144e-06,-0.00333214037364599,-0.0265065206724357,-0.0194526078001916,-0.000213660675624474,-6.6077277184759e-05,0.000137276441062359,-0.000212822917456876,0.00165534497794501,0.000413154311764294,-0.0372093530697954,-0.0492743973904624,-0.00038979583616805,-0.00146867655688954,-0.00103179246854046,-0.000975554981520466,4.42942606886376e-05,8.07294728695229e-05,0.0155449570551096,-0.00333111374329037,0.00705391287224404,0.000147583398439715,-0.000350099358519235,-0.00124219066618071,-0.0120650443206669,-0.00107888072072149,5.62374870199944e-05,3.64352121808853e-05
policy_cf_baseline,Baseline debt-limit rule,0.15,0.9,25,14,0.468492652934897,0.832716872290858,-0.0315073470651026,-0.017283127709142,-9.89872343615545e-07,-0.00325414775314692,-0.0250380803426539,-0.0188848112110099,-0.000219997940401915,-0.000113296138574763,0.000137794208005346,-0.00016173081068166,0.00159435556282587,0.000426462123879617,-0.0346847636802243,-0.0476160753318213,-0.000419493273570604,-0.00144828021151,-0.000970678407014036,-0.000929537307111983,7.73125665478602e-05,0.00011261684222319,0.0142242193559606,-0.0032531578808033,0.00615326913164392,0.000106701801827152,-0.000299525018687005,-0.00116789343894626,-0.012931311651597,-0.0010287869379394,4.11410999020534e-05,3.53042756753297e-05
policy_cf_baseline,Baseline debt-limit rule,0.15,0.9,25,15,0.470260928349521,0.833207741449979,-0.0297390716504793,-0.0167922585500214,-9.52534949022017e-07,-0.00317677003997471,-0.0236282756535424,-0.0183647383858913,-0.000223173183026577,-0.000150676486964081,0.00014332862906917,-0.000113446404703885,0.00155794896076759,0.000464046723673214,-0.032259695627451,-0.0459616267248526,-0.00040745416710275,-0.00139085990825161,-0.000919972607440478,-0.000894023869657423,0.000107157578214556,0.000140623756806235,0.0129468131004579,-0.00317581750502569,0.0052635372676511,7.24966960624959e-05,-0.000256775033773055,-0.00109390223709438,-0.0137019310974016,-0.000983405741148857,2.59487377830547e-05,3.3466178591679e-05
policy_cf_baseline,Baseline debt-limit rule,0.15,0.9,25,16,0.471988581462595,0.833705547582529,-0.028011418537405,-0.016294452417471,-9.14426005151818e-07,-0.00309747844470949,-0.0222553990926099,-0.0178437822025098,-0.000220639831035559,-0.000172552319206855,0.000145324848614112,-7.92844704823326e-05,0.00152744733907335,0.000506369803106449,-0.0299257558976911,-0.044306216253625,-0.000384339343285189,-0.00132616181804424,-0.000882461590073103,-0.000871240945027885,0.000127678874745962,0.000159065763763344,0.011716966119934,-0.00309656401870434,0.00441161689010007,4.8087511828704e-05,-0.000224609319096444,-0.0010210775359669,-0.0143804603559339,-0.000941822474759046,1.12206450452179e-05,3.13868890173818e-05
policy_cf_baseline,Baseline debt-limit rule,0.15,0.9,25,17,0.473675563785016,0.834216724634563,-0.0263244362149844,-0.0157832753654374,-8.7559166984797e-07,-0.00301519003093637,-0.0209132521276602,-0.0172997407525036,-0.000212945698386962,-0.000180609464219073,0.0001412750221257,-6.03378874768773e-05,0.00149086088006194,0.000541046879621448,-0.0276867511201866,-0.0426575139676633,-0.00036574211081819,-0.00126881850095217,-0.0008560874486504,-0.000858825881423386,0.000138779289153401,0.000168101749666194,0.0105411608495469,-0.00301431443926652,0.00361351137515658,3.23362341678886e-05,-0.000201612909602578,-0.000949814000440488,-0.0149707628474767,-0.000903076390133983,-2.73843277298624e-06,2.93224605127929e-05
policy_cf_baseline,Baseline debt-limit rule,0.15,0.9,25,18,0.475314635899619,0.834740210664114,-0.0246853641003806,-0.015259789335886,-8.36258652096561e-07,-0.00293000167160804,-0.0196056949898416,-0.0167297790579003,-0.000201819342957986,-0.000179213154825431,0.000131961564296984,-5.3017031382635e-05,0.00144321925597976,0.000562848885736766,-0.0255513630862021,-0.0410282272327347,-0.000356490726157066,-0.00122291427843613,-0.000837216476181624,-0.000853021874664295,0.000142939150365118,0.000170324667108979,0.00942557476449457,-0.00292916541295594,0.00287591593194135,2.26061881325552e-05,-0.000184978595679619,-0.000880370370242994,-0.0154768641465326,-0.000866423552279061,-1.58053984826712e-05,2.73855167438608e-05
policy_cf_baseline,Baseline debt-limit rule,0.15,0.9,25,19,0.476896116470586,0.835270829333334,-0.023103883529414,-0.0147291706666665,-7.96748937284975e-07,-0.00284269574082856,-0.0183408860284463,-0.0161414963561257,-0.000189024189568938,-0.000172672610047005,0.000119350365714296,-5.27260442897692e-05,0.00138453482248735,0.000571531213615528,-0.0235280441865595,-0.039430990338301,-0.000355551987712199,-0.00118693972230544,-0.000822482212918474,-0.000850449410307874,0.000143024026050709,0.000168629266803944,0.00837471286274755,-0.00284189899189128,0.00219938967232062,1.63515795219334e-05,-0.000172076410004066,-0.000813003608871821,-0.0159029461517415,-0.000831387734593236,-2.79671973894002e-05,2.56052407532348e-05
policy_cf_baseline,Baseline debt-limit rule,0.15,0.9,25,20,0.478411156733894,0.835802168047621,-0.0215888432661065,-0.0141978319523786,-7.57405574465885e-07,-0.00275429744890865,-0.0171271681854261,-0.0155458556101995,-0.000175862892905874,-0.000164102317024663,0.000105363279453777,-5.57012249091104e-05,0.00131739549009963,0.000569403144841385,-0.0216224475917954,-0.037875812435002,-0.000359766068647738,-0.00115747609848116,-0.00080950051485984,-0.00084876620895824,0.00014125855229552,0.000165229596310157,0.00739101131372794,-0.00275354004333418,0.00158131257522659,1.17605758812112e-05,-0.000161064504362887,-0.000747992345258242,-0.0162533648432066,-0.000797710029833421,-3.92656940984004e-05,2.39710440146368e-05
policy_cf_baseline,Baseline debt-limit rule,0.15,0.9,25,21,0.479853340625026,0.836328366300098,-0.0201466593749736,-0.0136716336999021,-7.18544132710692e-07,-0.0026657854000808,-0.0159709210366054,-0.0149529883178662,-0.000163096051291289,-0.000155278512319133,9.13716727700131e-05,-5.95516747118607e-05,0.00124511878567615,0.000559505092907475,-0.0198367676163245,-0.0363694120312199,-0.00036601615843368,-0.00113128662319517,-0.00079690563613144,-0.000846667675208912,0.000138981303919428,0.000161440557052028,0.00647502567507147,-0.00266506685594809,0.0010179327187392,7.81753897215534e-06,-0.000150923347481874,-0.000685613692768677,-0.0165326444148954,-0.000765270464761492,-4.97620390774722e-05,2.24592531326007e-05
policy_cf_baseline,Baseline debt-limit rule,0.15,0.9,25,22,0.481219029846738,0.836844892737435,-0.0187809701532616,-0.0131551072625649,-6.80429621826502e-07,-0.00257795421492242,-0.0148759279717723,-0.014370456884725,-0.000151057850273472,-0.000146953600190836,7.81372915301531e-05,-6.31012485116378e-05,0.00117068866889954,0.000544576913061617,-0.0181701597570165,-0.0349155998173778,-0.000372120377092555,-0.00110613989476305,-0.000784090014227634,-0.000843607472727492,0.000136795458188788,0.000157841976216266,0.00562586289069672,-0.0025772737853006,0.000505471087047205,4.10425008263602e-06,-0.000141238540041791,-0.000626111755837919,-0.0167454400603613,-0.000734019517670492,-5.95174584998581e-05,2.10465180274788e-05
policy_cf_baseline,Baseline debt-limit rule,0.15,0.9,25,23,0.482507006318287,0.837348642146247,-0.0174929936817125,-0.012651357853753,-6.43271858670188e-07,-0.00249138517888831,-0.0138436212144277,-0.013803083669617,-0.000139821407270673,-0.000139272643204159,6.59575087787884e-05,-6.59828601835694e-05,0.00109633868601781,0.000526663503124442,-0.0166195670770732,-0.0335160463188191,-0.00037693432735586,-0.00108086674656305,-0.000770892671404289,-0.00083947799640216,0.000134840957758842,0.000154555650998311,0.00484163582795949,-0.00249074190702964,4.05375448106586e-05,5.48764066513573e-07,-0.000131940368962358,-0.000569675182893373,-0.0168964792417459,-0.000703932419207187,-6.85853249978718e-05,1.97146932394698e-05
policy_cf_baseline,Baseline debt-limit rule,0.15,0.9,25,24,0.483717857932229,0.837837692146475,-0.0162821420677714,-0.0121623078535253,-6.07230984083775e-07,-0.00240647498765314,-0.0128736755833636,-0.0132535170589847,-0.000129338146803515,-0.000132114066154945,5.48548494662404e-05,-6.82446390583569e-05,0.00102353614061899,0.000507108302386136,-0.015180541759527,-0.0321710368584625,-0.000380095177133888,-0.00105508041575098,-0.000757353296957919,-0.000834362961619761,0.000133039058909379,0.000151490292922496,0.00411983421424605,-0.00240586775666906,-0.000379841475621135,-2.77591935143005e-06,-0.000123099488524597,-0.000516427838232858,-0.0169904950989355,-0.000674985238617087,-7.70096646618423e-05,1.84512340131171e-05
policy_cf_baseline,Baseline debt-limit rule,0.15,0.9,25,25,0.484853378586493,0.838310964091113,-0.0151466214135073,-0.0116890359088874,-5.72426535501855e-07,-0.0023234842153653,-0.011964621145569,-0.0127229706698556,-0.000119527085646857,-0.000125302072195806,4.47312746975348e-05,-7.0072898485013e-05,0.00095314779810865,0.000486717624618369,-0.0138478804174302,-0.0308800433123824,-0.00038168996309218,-0.00102883628177663,-0.000743562159003064,-0.000828388712611039,0.00013125517738799,0.000148503021680568,0.00345758550461994,-0.0023229117888298,-0.000758349524286651,-5.77498654894849e-06,-0.000114804173182548,-0.000466430173490281,-0.0170321628949521,-0.000647146318684455,-8.48265536079751e-05,1.72478442925783e-05
policy_cf_baseline,Baseline debt-limit rule,0.15,0.9,25,26,0.485916100824535,0.838767921749586,-0.0140838991754652,-0.0112320782504135,-5.38946117867289e-07,-0.00224258300099195,-0.0111143242826683,-0.0122118458841324,-0.000110318301872341,-0.000118705617111314,3.54641574417253e-05,-7.16422602426992e-05,0.000885641947875243,0.000465954985020736,-0.0126160414591192,-0.0296420872445524,-0.000381987644259674,-0.00100236382223651,-0.000729591126926055,-0.000821657401443465,0.000129381051946709,0.00014547993628633,0.00285182092505171,-0.00224204405487408,-0.00109752160146408,-8.3873152389724e-06,-0.000107106417684424,-0.000419686962854507,-0.0170260457854332,-0.000620376177976834,-9.20662745174106e-05,1.60988843396215e-05
policy_cf_baseline,Baseline debt-limit rule,0.15,0.9,25,27,0.486908980331615,0.839208356000783,-0.0130910196683854,-0.0107916439992171,-5.06852042234633e-07,-0.00216388472082671,-0.0103203058744945,-0.0117201463779532,-0.000101665452178093,-0.000112262589253752,2.69510257097233e-05,-7.30608577526604e-05,0.000821254631373364,0.000445097084831453,-0.0114793857912674,-0.0284559379786069,-0.000381274650534724,-0.000975905385831588,-0.000715476626987233,-0.000814231844197932,0.000127359874403821,0.000142360037422851,0.00229937566916838,-0.00216337786878447,-0.00139984050345867,-1.05971370756592e-05,-0.000100011883462384,-0.000376157546541911,-0.0169765521873395,-0.000594630735296864,-9.87552172106998e-05,1.500016301903e-05
policy_cf_baseline,Baseline debt-limit rule,0.15,0.9,25,28,0.487835203501727,0.839632253749039,-0.012164796498273,-0.0103677462509612,-4.76185813223656e-07,-0.00208746680047484,-0.00957992492058192,-0.0112477029778267,-9.3542337665742e-05,-0.00010596665751886,1.91206661024484e-05,-7.43700737039499e-05,0.000760099202192221,0.000424333159538298,-0.0104323019442933,-0.0273202063696036,-0.000379780695091259,-0.000949645552715817,-0.000701227707377905,-0.000806144918626517,0.000125180635304201,0.000139128864831362,0.00179705024731186,-0.00208699061466161,-0.00166777805724482,-1.24243198531175e-05,-9.34907398063983e-05,-0.000335766042653923,-0.0168879044253103,-0.000569864857624558,-0.000104917211248612,1.39482295271609e-05
policy_cf_baseline,Baseline debt-limit rule,0.15,0.9,25,29,0.488698076518688,0.840039728474643,-0.0113019234813115,-0.00996027152535717,-4.46971044845095e-07,-0.00201338170351983,-0.0088904734310965,-0.010794268170745,-8.59342659738412e-05,-9.98429984802891e-05,1.19275016637194e-05,-7.55663812964102e-05,0.000702225915232779,0.000403815648825939,-0.00946926848045315,-0.0262333855615378,-0.000377663384881766,-0.000923698329675204,-0.000686841059576948,-0.000797415392597034,0.000122861454464829,0.000135801508782896,0.00134165195595437,-0.00201293473247499,-0.00190379473964852,-1.39087325064478e-05,-8.74938829601296e-05,-0.00029841026640684,-0.0167641170810846,-0.000546034944793439,-0.000110574333020086,1.29400543180669e-05
policy_cf_baseline,Baseline debt-limit rule,0.15,0.9,25,30,0.489500960129056,0.840430987261999,-0.0104990398709442,-0.00956901273800104,-4.19215511718589e-07,-0.00194166196770657,-0.00824922324188475,-0.010359540090551,-7.88301042190295e-05,-9.3926906647392e-05,5.34101572184642e-06,-7.66255452529646e-05,0.000647647904015475,0.000383678910460108,-0.00858488886442643,-0.0251938720120393,-0.00037502163717662,-0.000898121954156172,-0.000672313645866396,-0.000788060996941176,0.000120433275738074,0.000132406213168679,0.000930027132943212,-0.00194124275219485,-0.0021103168486662,-1.50968024283625e-05,-8.1966560974811e-05,-0.000263968993555366,-0.0166089831476128,-0.000523100316979552,-0.00011574735107478,1.19729374306043e-05
policy_cf_baseline,Baseline debt-limit rule,0.15,0.9,25,31,0.490247226198011,0.840806314980244,-0.00975277380198897,-0.00919368501975615,-3.92912878372958e-07,-0.00187232244167892,-0.00765345217794482,-0.00994315920526334,-7.2217210728729e-05,-8.82501971894798e-05,-6.63525502014872e-07,-7.75203823863702e-05,0.000596349329662113,0.00036404163907823,-0.00777391731315324,-0.0241999835726601,-0.000371917159115887,-0.000872940817979173,-0.000657649908240132,-0.000778105879177593,0.000117928538039269,0.000128973050263603,0.000559088782232819,-0.00187192952880054,-0.00228970702731852,-1.60329864607508e-05,-7.68568568843553e-05,-0.000232307690583883,-0.0164260662595068,-0.000501023658863287,-0.000120455970937461,1.10445122243341e-05
policy_cf_baseline,Baseline debt-limit rule,0.15,0.9,25,32,0.490940223305175,0.84116606399912,-0.00905977669482516,-0.00883393600088045,-3.68044405741589e-07,-0.00180536169483801,-0.00710046412926519,-0.00954470192136381,-6.6079270859748e-05,-8.28351265424951e-05,-6.11088560338591e-06,-7.82303531147721e-05,0.000548286800127515,0.000345003786739004,-0.00703128258019703,-0.0232499801966046,-0.000368393066487283,-0.000848163962024917,-0.000642864009807509,-0.000767583001408889,0.000115375292150555,0.00012552805681243,0.000225840693944712,-0.00180499365043227,-0.00244423779209861,-1.67558556827471e-05,-7.21194675113862e-05,-0.000203283013388511,-0.0162186976164076,-0.000479770895537635,-0.00012471899160138,1.01527646618749e-05
policy_cf_baseline,Baseline debt-limit rule,0.15,0.9,25,33,0.491583246373449,0.841510644141452,-0.00841675362655114,-0.00848935585854815,-3.4458072967281e-07,-0.00174076352909766,-0.00658760852305704,-0.00916368072033313,-6.03961636632695e-05,-7.76934900191505e-05,-1.10283549419193e-05,-7.87446826461119e-05,0.000503390099677176,0.000326643720097705,-0.00635211041601469,-0.0223420869715918,-0.00036448594545968,-0.000823796760311746,-0.000627978852261291,-0.000756533285925398,0.000112795375751373,0.000122091409014757,-7.26022319970099e-05,-0.00174041894836798,-0.00257607219727609,-1.7297326355881e-05,-6.77163277041926e-05,-0.00017674637957947,-0.0159899765555771,-0.000459310814852065,-0.000128554433664108,9.29603326338402e-06
policy_cf_baseline,Baseline debt-limit rule,0.15,0.9,25,34,0.492179509489457,0.841840511534872,-0.00782049051054329,-0.00815948846512815,-3.22483683000308e-07,-0.00167849883156653,-0.00611229971719761,-0.0087995518305537,-5.51448713379619e-05,-7.28283796854346e-05,-1.5445992550836e-05,-7.90616368583769e-05,0.000461564500255293,0.000309017649518101,-0.00573174315535896,-0.0214745171477841,-0.000360231728092519,-0.000799846363714773,-0.000613023627952236,-0.000745003289301382,0.000110204887836085,0.000118677871243866,-0.000338997954584863,-0.00167817634788353,-0.00268725211335609,-1.76835083474727e-05,-6.36156443075409e-05,-0.000152546850737192,-0.0157427739924252,-0.000439614635622254,-0.000131979661349146,8.47298340778124e-06
policy_cf_baseline,Baseline debt-limit rule,0.15,0.9,25,35,0.492732122627569,0.842156156898271,-0.00726787737243073,-0.00784384310172948,-3.01708082947167e-07,-0.00161852766306125,-0.00567203496467478,-0.00845172775696512,-5.03006867379223e-05,-6.82367456704899e-05,-1.9395740166947e-05,-7.91861985506709e-05,0.000422694770323015,0.000292161287800824,-0.00516575480615167,-0.0206454929312887,-0.000355667333174492,-0.000776322950951869,-0.000598031147208467,-0.000733042647248161,0.000107615557432439,0.000115298120415774,-0.000575965729298744,-0.0016182259549783,-0.00277969279229034,-1.79360589325677e-05,-5.97904583837239e-05,-0.000130533482522191,-0.015479738125137,-0.000420655617777377,-0.000135011500039695,7.68256298333547e-06
policy_cf_baseline,Baseline debt-limit rule,0.15,0.9,25,36,0.493244073072358,0.842458094290273,-0.00675592692764154,-0.00754190570972735,-2.82203405939459e-07,-0.00156080137645851,-0.00526440949601832,-0.00811959138919349,-4.5838295529687e-05,-6.39117204527199e-05,-2.29102321026298e-05,-7.91275777476674e-05,0.000386650123728599,0.000276092883431278,-0.00464996081226943,-0.0198532627245753,-0.000350830115237288,-0.000753238857544525,-0.000583035593751946,-0.000720701937059087,0.000105036154875116,0.000111960104479669,-0.000785978782085806,-0.00156051917305257,-0.00285518189317517,-1.80734249230329e-05,-5.62173456450377e-05,-0.000110557240297321,-0.0152033019123059,-0.000402408742307236,-0.000137666343307141,6.92394960455367e-06
policy_cf_baseline,Baseline debt-limit rule,0.15,0.9,25,37,0.493718211836536,0.842746851145043,-0.00628178816346409,-0.00725314885495665,-2.63915295379132e-07,-0.00150526458816938,-0.00488712788659468,-0.00780250923478465,-4.1732569993065e-05,-5.98443109779117e-05,-2.60217556893594e-05,-7.88972327098597e-05,0.000353289255652492,0.000260816714079168,-0.00418042253630979,-0.0190961144423816,-0.00034575661044145,-0.000730607065164368,-0.000568070915824448,-0.00070803115903928,0.000102473570706696,0.000108670068474481,-0.000971360691492562,-0.001505000672874,-0.00291538134818997,-1.81117409848467e-05,-5.28754770205003e-05,-9.24725415733241e-05,-0.0149156919060718,-0.000384850454722918,-0.000139960243214832,6.1964977677853e-06
policy_cf_baseline,Baseline debt-limit rule,0.15,0.9,25,38,0.494157244822973,0.843022960006895,-0.00584275517702681,-0.00697703999310517,-2.46786875902462e-07,-0.00145185690032949,-0.00453801157938325,-0.00749984248410707,-3.79590707787853e-05,-5.60244508386945e-05,-2.87615278934256e-05,-7.85075631167115e-05,0.000322464861256269,0.000246326392002699,-0.00375344711164605,-0.0183723851893194,-0.000340481405595505,-0.000708439860722554,-0.00055316980495923,-0.000695078785415193,9.99334947411334e-05,0.000105433185714876,-0.00113428481607836,-0.00145161011345359,-0.00296183090472382,-1.80653800599092e-05,-4.97460352232859e-05,-7.61384692535699e-05,-0.0146189380776733,-0.000367958455127049,-0.000141908980455963,5.49969097374259e-06
policy_cf_baseline,Baseline debt-limit rule,0.15,0.9,25,39,0.494563728108704,0.843286952007795,-0.00543627189129625,-0.00671304799220451,-2.30759870697515e-07,-0.00140051434182757,-0.00421500293682576,-0.00721095556005702,-3.44943236772685e-05,-5.24415724406785e-05,-3.11592818403317e-05,-7.7971171513383e-05,0.000294027346743969,0.000232607653075562,-0.0033655835871107,-0.0176804679065108,-0.000335036440528125,-0.000686747960183642,-0.000538363112872475,-0.000681891226837927,9.7420776085988e-05,0.0001022538769897,-0.00127677610090826,-0.00140028358195687,-0.00299595262323126,-1.794724876341e-05,-4.68118896730513e-05,-6.14196936684075e-05,-0.0143148843194001,-0.000351711519655518,-0.000143528113965452,4.8331009037117e-06
policy_cf_baseline,Baseline debt-limit rule,0.15,0.9,25,40,0.494940066573895,0.843539351902522,-0.00505993342610456,-0.00646064809747826,-2.15775533099294e-07,-0.00135117054365236,-0.00391616644162639,-0.00693522237566779,-3.13159514243556e-05,-4.90848863973561e-05,-3.32430840703501e-05,-7.73005048019387e-05,0.000267827688082894,0.000219640547817257,-0.00301361630934993,-0.0170188156610309,-0.000329450748143167,-0.000665540091953742,-0.000523679550334388,-0.000668512562172707,9.49395841249867e-05,9.91359379447498e-05,-0.0014007146713737,-0.00135095476811926,-0.0030190559340414,-1.77689349730005e-05,-4.40574207315886e-05,-4.81871402656375e-05,-0.014005199351681,-0.000336089343810575,-0.000144833011838319,4.19635381976313e-06
policy_cf_fiscal_discipline,Stronger debt-limit rule,0.45,0.9,25,1,0.498913587011492,0.858440895854941,-0.00108641298850753,0.00844089585494057,-4.86571017750328e-08,0.00203993462882517,0.0119871343747051,0.0421324057496559,0.00731367501357553,0.018343028008163,-0.0136119461360734,-0.0244581438941597,-0.0144810765268795,-0.014527678182465,-0.0144810765268795,-0.014527678182465,-0.032140661913778,-0.0322019400379612,-0.017036882866248,-0.0169953027588464,-0.0177799390394616,-0.0178375783277017,0.0095273088434481,0.00203998328592694,0.0301452713749508,0.0110293529945875,-0.0108461977580862,-4.66016555855375e-05,-4.66016555855653e-05,-6.12781241832172e-05,4.15801074016287e-05,-5.76392882400967e-05
policy_cf_fiscal_discipline,Stronger debt-limit rule,0.45,0.9,25,2,0.488118056944592,0.855968446772347,-0.011881943055408,0.00596844677234687,-4.66678432663223e-07,0.0014083719825858,0.0014253478343347,0.0346309680699479,0.0039333778012812,0.010025537361566,-0.00928841578628191,-0.0152685090839386,-0.0179248398398023,-0.0181772727105191,-0.0320438894535098,-0.0323417589384225,-0.0273272556966528,-0.0276092659848339,-0.00952910133339979,-0.00947677762219468,-0.00997659257327066,-0.0100429114832811,0.0178503898277549,0.00140883866101847,0.0332056202356132,0.00609215956028483,-0.00598009329765666,-0.000252432870716808,-0.000297869484912727,-0.000282010288181089,5.23237112051156e-05,-6.631891001041e-05
policy_cf_fiscal_discipline,Stronger debt-limit rule,0.45,0.9,25,3,0.47538322192007,0.848759447290827,-0.02461677807993,-0.00124055270917345,-8.34577393224699e-07,-0.000272960321753753,-0.0124030935486924,0.0173261471857113,0.00123675951255637,0.00347785986963454,-0.00480828428416957,-0.00704523031479355,-0.0149961523037872,-0.0155264061754058,-0.046238944520959,-0.0470596211403675,-0.018225822288129,-0.0187856209612095,-0.00422598410833408,-0.00417294362305431,-0.00408622997551922,-0.0041548775841902,0.0233762253707566,-0.000272125744360528,0.0297292407344038,0.00224110035707817,-0.00223694603062398,-0.000530253871618605,-0.000820676619408545,-0.000559798673080536,5.3040485279765e-05,-6.86476086709797e-05
policy_cf_fiscal_discipline,Stronger debt-limit rule,0.45,0.9,25,4,0.465055737179602,0.841150438470803,-0.0349442628203981,-0.00884956152919669,-1.05788730588583e-06,-0.00180828029392905,-0.0241108289730855,8.60505125599431e-06,-0.000359002144145692,-0.000345943544307255,-0.00152445434309474,-0.00163277618793248,-0.00978644213546923,-0.0105845512703128,-0.0548694130434044,-0.0564676818821708,-0.00961145320808254,-0.0104198539091345,-0.00128536949459412,-0.0012300640729781,-0.000558713595325777,-0.00061893496236809,0.0260947012912014,-0.00180722240662317,0.0241194340243415,1.3058599838437e-05,-0.000108321844837736,-0.000798109134843558,-0.00159826883876635,-0.000808400701051926,5.53054216160254e-05,-6.02213670423124e-05
policy_cf_fiscal_discipline,Stronger debt-limit rule,0.45,0.9,25,5,0.45859858082817,0.835303279024643,-0.04140141917183,-0.0146967209753572,-1.17089394720455e-06,-0.0028373251469668,-0.0317187316180552,-0.0128012481434028,-0.00101805218152235,-0.00189054223335394,0.000331016015953381,0.00103808342164692,-0.00483470906519222,-0.00584092769148321,-0.0583323867825114,-0.0608969175265996,-0.00350600929852207,-0.00448901182760575,-0.000120859108948657,-5.90107279321295e-05,0.00103395322312028,0.000990513677992855,0.0267046981964728,-0.00283615425301959,0.0189174834746524,-0.000872490051831583,0.00070706740569354,-0.00100621862629099,-0.00256453074408824,-0.000983002529083676,6.18483810165271e-05,-4.34395451274217e-05
policy_cf_fiscal_discipline,Stronger debt-limit rule,0.45,0.9,25,6,0.455730465732253,0.8317630418338,-0.0442695342677468,-0.0182369581661997,-1.21552711860449e-06,-0.00340223234179565,-0.035368043689636,-0.0202603572929456,-0.00108818917040803,-0.00202437558225392,0.00106487795180972,0.00179746763236335,-0.00122961412492377,-0.00236751729803955,-0.0581036912378723,-0.0617420118864738,-0.00011895931140371,-0.00119488760846587,7.07917377185119e-06,7.75777415559231e-05,0.00139482863193785,0.00137157732830628,0.0260325761015471,-0.00340101681467705,0.0151076863966904,-0.000936186411845888,0.000732589680553633,-0.00113790317311578,-0.00363832064860148,-0.00107592829706216,7.04985677840719e-05,-2.32513036315662e-05
policy_cf_fiscal_discipline,Stronger debt-limit rule,0.45,0.9,25,7,0.455448979371446,0.830192810234157,-0.0445510206285538,-0.0198071897658426,-1.21973756823785e-06,-0.00363959354314068,-0.0361205554926895,-0.0234001067436941,-0.000888257239399786,-0.00152768107962685,0.00112328088594073,0.00154620203228735,0.000898091797295081,-0.000301129261410127,-0.0557530071596304,-0.0604995908507222,0.00119934747461614,9.75305485850786e-05,-0.000304642510185915,-0.000226800009216599,0.00115564802278278,0.0011514720296999,0.0247438308627112,-0.00363837380557244,0.0127204487489954,-0.00063942384022706,0.000422921146346622,-0.00119922105870521,-0.00474658369109182,-0.00110181692603106,7.78425009693162e-05,-4.17599308288885e-06
policy_cf_fiscal_discipline,Stronger debt-limit rule,0.45,0.9,25,8,0.456690927312078,0.829953566819325,-0.0433090726879218,-0.0200464331806754,-1.20093552615872e-06,-0.00367506814026578,-0.0351642290500568,-0.0237931793879135,-0.000630698780825361,-0.000912284217381683,0.000883962302405075,0.000951999758940239,0.00187752065491062,0.000670536917960526,-0.0524816613257291,-0.0583165641614936,0.00129242724929846,0.000209140351824733,-0.00068688040404552,-0.000605540893656276,0.000744751655363363,0.000755761067623206,0.0232626395072463,-0.00367386720473962,0.0113710496621433,-0.000281585436556322,6.80374565351638e-05,-0.00120698373695009,-0.00583490283576449,-0.00108328689747372,8.13395103892445e-05,1.10094122598436e-05
policy_cf_fiscal_discipline,Stronger debt-limit rule,0.45,0.9,25,9,0.458640768407014,0.830443894079294,-0.0413592315929857,-0.0195561059207064,-1.17021325367269e-06,-0.00360216849259054,-0.0334288351187161,-0.0228193393463049,-0.000421238337064443,-0.000427442354840201,0.000588514270901688,0.000391770951924733,0.00214838714685046,0.000968626551888202,-0.0490212326457353,-0.0558900235055675,0.000853624610818837,-0.000187844089820421,-0.000969774223118947,-0.000889786277254667,0.000386369898693673,0.000407728696154797,0.0218031256722793,-0.00360099827933686,0.0106094957724113,-6.20401777575753e-06,-0.000196743318976955,-0.00117976059496226,-0.00686879085983216,-0.00104146870063926,7.99879458642794e-05,2.1358797461124e-05
policy_cf_fiscal_discipline,Stronger debt-limit rule,0.45,0.9,25,10,0.460797670094215,0.831237214560064,-0.0392023299057848,-0.0187627854399363,-1.13443757180577e-06,-0.00348260020174711,-0.0314899053988499,-0.0214022568601112,-0.000290112389282825,-0.000139631892215384,0.000352839778169384,1.20941424087279e-05,0.00207836112793007,0.000945412355079583,-0.0457173407016618,-0.0535473605628489,0.000320103685555129,-0.000671608363343235,-0.00111433810084083,-0.00104023381938068,0.0001569648598716,0.000184202187677229,0.0204395444658486,-0.0034814657641753,0.0100876485387387,0.000150480497067441,-0.000340745635760656,-0.00113294877285049,-0.00783001986118714,-0.000991712048898363,7.41042814601522e-05,2.72373278056293e-05
policy_cf_fiscal_discipline,Stronger debt-limit rule,0.45,0.9,25,11,0.462919219504125,0.832092647338334,-0.0370807804958749,-0.0179073526616658,-1.09731526459496e-06,-0.00335139726198291,-0.029624354951507,-0.0200238114291272,-0.000227137457727476,-1.92916185865286e-05,0.000207409497203687,-0.000178898796171292,0.00190464902513159,0.000827492707676278,-0.0426697581589885,-0.0513811838411011,-0.000100673612982272,-0.00104366229047959,-0.00114668454297062,-0.00108191926784096,5.02282921674979e-05,7.98996193487334e-05,0.0191734278342092,-0.00335029994671832,0.00960054352237978,0.000207845839140948,-0.000386308293374979,-0.00107715631745531,-0.00871142568211258,-0.000942988677497314,6.47652751296635e-05,2.96713271812354e-05
policy_cf_fiscal_discipline,Stronger debt-limit rule,0.45,0.9,25,12,0.46492786984051,0.832908647654973,-0.0350721301594902,-0.0170913523450268,-1.06030671945051e-06,-0.00322401259409426,-0.0279155577553725,-0.0188528961074482,-0.000208130597311024,-5.06918591390917e-06,0.000138493233142759,-0.000233173764644448,0.00174541350225049,0.000726826607872086,-0.0398576007027636,-0.0493698276372014,-0.000355365930549301,-0.00125457723964206,-0.00111206413192366,-0.0010587935464057,2.75332494792391e-05,5.73615010015516e-05,0.0179807778144634,-0.00322295228737481,0.00906266164792423,0.000203061411397114,-0.000371666997787207,-0.00101858689437841,-0.00951222693443787,-0.000899211309092762,5.32705855179616e-05,2.98282515223125e-05
policy_cf_fiscal_discipline,Stronger debt-limit rule,0.45,0.9,25,13,0.466827520088494,0.833665313806082,-0.0331724799115055,-0.0163346861939179,-1.02355454676115e-06,-0.00310391781679636,-0.0263501234501629,-0.0178865263786891,-0.000210041600703497,-3.99826636992267e-05,0.000118008941779116,-0.000212725701294353,0.00163772914016683,0.000677469770598446,-0.0372234315450273,-0.047458112175673,-0.000469651197603782,-0.00133075149650841,-0.00105029419223124,-0.00100951183549125,4.80697386593398e-05,7.67784866881893e-05,0.0168377937175876,-0.0031028942622496,0.00846359707147376,0.00017005893700427,-0.000330734643073469,-0.000960259369568381,-0.0102346806306457,-0.000861100298904627,4.07823567399879e-05,2.87087480288495e-05
policy_cf_fiscal_discipline,Stronger debt-limit rule,0.45,0.9,25,14,0.468647534399498,0.834378077521131,-0.0313524656005021,-0.0156219224788688,-9.86667550192705e-07,-0.00298903208012551,-0.024884163066169,-0.0170563917138787,-0.000216979799902876,-8.53508030372232e-05,0.000120073167677745,-0.000165760343902255,0.00157608461648043,0.000672785203214316,-0.0347167611399213,-0.0455988741680664,-0.00049452353558177,-0.00132234061420222,-0.00098713588118271,-0.000958976176958171,8.19591781970885e-05,0.000108986458708493,0.0157305431216333,-0.00298804541257532,0.00782777135229028,0.000131628996865653,-0.00028583351158,-0.000903299413266112,-0.0108821130281451,-0.000827817078620452,2.81597042245396e-05,2.70272805114047e-05
policy_cf_fiscal_discipline,Stronger debt-limit rule,0.45,0.9,25,15,0.470413793262307,0.835069158430173,-0.0295862067376932,-0.0149308415698272,-9.49229002278614e-07,-0.00287599191725112,-0.0234782601623229,-0.0162908614747327,-0.000220684000166781,-0.000121380843935939,0.000127257701683578,-0.000120708937959804,0.00154026479193073,0.000692327425618727,-0.0323085773194927,-0.0437665748882461,-0.000476763069579222,-0.00127483448976984,-0.000934789041677875,-0.000918850752979927,0.000112547679579356,0.000137764517594174,0.014655365167866,-0.00287504268824885,0.00718739868759018,9.93031562308419e-05,-0.000247966639643382,-0.000847937366312002,-0.0114579975687534,-0.000798071420190616,1.59382886979476e-05,2.52168380148188e-05
policy_cf_fiscal_discipline,Stronger debt-limit rule,0.45,0.9,25,16,0.472138989116894,0.83575443748148,-0.0278610108831057,-0.0142455625185199,-9.11029737010763e-07,-0.00276227840117403,-0.022109652161038,-0.0155408832728124,-0.00021852486249405,-0.000141987807992404,0.000130756251845984,-8.94234890799345e-05,0.00151091293551596,0.000716787159516744,-0.029989949950989,-0.041955623356523,-0.000447891363616337,-0.00121860204309343,-0.000896043016067383,-0.000891653649584989,0.000133544642869632,0.000157037820013084,0.0136154483645857,-0.00276136737143702,0.00656876888822555,7.65370545016469e-05,-0.000220179740925919,-0.000794125775999216,-0.011965673405534,-0.000770710679477093,4.38936648239352e-06,2.34931771434521e-05
policy_cf_fiscal_discipline,Stronger debt-limit rule,0.45,0.9,25,17,0.473823477785887,0.836440395682655,-0.0261765222141127,-0.0135596043173445,-8.72107947561498e-07,-0.00264681557706388,-0.0207716269356028,-0.0147835670391011,-0.000211044864627862,-0.000148680413697944,0.000127962485528488,-7.32941541124743e-05,0.00147555342072285,0.000733715494329171,-0.0277646477814915,-0.0401730172782808,-0.000423977089218375,-0.00116890862836305,-0.000868755937862287,-0.000875151261535811,0.000144839851195178,0.000166772100696599,0.0126169178967682,-0.00264594346911632,0.0059880598965017,6.23644509299185e-05,-0.000201256639640962,-0.000741837926393679,-0.0124083694967894,-0.000744931539144678,-6.3953236735248e-06,2.19322495014218e-05
policy_cf_fiscal_discipline,Stronger debt-limit rule,0.45,0.9,25,18,0.475460084108382,0.837126025114684,-0.0245399158916185,-0.0128739748853161,-8.32689830826389e-07,-0.00252975313705355,-0.019467928490175,-0.0140155669099814,-0.000200009570759539,-0.000145808953460586,0.000119664067514,-6.88311965387628e-05,0.00142894912550934,0.000737791664671208,-0.0256415824614451,-0.0384309001816523,-0.000410010557799323,-0.00113028589627284,-0.000849179503380815,-0.000865605145849102,0.000148973795912166,0.000169509413200597,0.0116659410063024,-0.00252892044722273,0.00545236158019364,5.42006172989532e-05,-0.000188495264052763,-0.000691157460838129,-0.0127893177202072,-0.000720275338473519,-1.64256424682874e-05,2.05356172884308e-05
policy_cf_fiscal_discipline,Stronger debt-limit rule,0.45,0.9,25,19,0.477039009387381,0.837806179427085,-0.0229609906126194,-0.0121938205729151,-7.93101536224395e-07,-0.00241197220035736,-0.0182068235866379,-0.0132442152728763,-0.000187231966314412,-0.000137746619521525,0.000107883564115466,-7.14187602793431e-05,0.00137102378731474,0.000728762783721859,-0.0236295191125939,-0.036741364893389,-0.00040492225864408,-0.00110145598937672,-0.000833841661536994,-0.000859597783993693,0.000148896255569575,0.000168171419344887,0.0107671700397043,-0.00241117909882113,0.00496260831376152,4.94853467928867e-05,-0.000179302324394809,-0.000642261003592881,-0.0131118457807951,-0.00069653373073264,-2.57561224566993e-05,1.92751637753119e-05
policy_cf_fiscal_discipline,Stronger debt-limit rule,0.45,0.9,25,20,0.47855123214029,0.838474490934788,-0.0214487678597098,-0.011525509065212,-7.53692203670532e-07,-0.00229462027015738,-0.0169968440307969,-0.0124803543204861,-0.000174058143310413,-0.000127689515463266,9.46110982286835e-05,-7.72244285013185e-05,0.00130438930055626,0.000709024404090569,-0.0217343918342228,-0.0351138063669638,-0.000405425642427404,-0.00107906810917502,-0.000820281441665682,-0.000854732970213323,0.000146907680755426,0.000165025920668249,0.00992325879449785,-0.00229386657795371,0.00451648971031082,4.63686278471473e-05,-0.000171835526730002,-0.000595364896465694,-0.0133794145327411,-0.000673642466747615,-3.4451528547641e-05,1.81182399128232e-05
policy_cf_fiscal_discipline,Stronger debt-limit rule,0.45,0.9,25,21,0.479990186255765,0.839125208877677,-0.0200098137442355,-0.0108747911223231,-7.14783354611814e-07,-0.00217879626623347,-0.0158445456292065,-0.0117340093060631,-0.000161278156971504,-0.000117479655542757,8.12750230339276e-05,-8.37871821137148e-05,0.00123243831541346,0.000681763338932051,-0.0199585937229538,-0.0335541978688574,-0.000408263415454635,-0.00105986260255242,-0.000807088773123521,-0.000849658972684408,0.000144399433886555,0.000161437979137924,0.00913502262191235,-0.00217808148287886,0.00411053632314346,4.37985014287469e-05,-0.000165062205147642,-0.000550674976481411,-0.0135956041459036,-0.000651599187097784,-4.25701995608874e-05,1.70385452513688e-05
policy_cf_fiscal_discipline,Stronger debt-limit rule,0.45,0.9,25,22,0.481352140065806,0.839754009070052,-0.0186478599341942,-0.0102459909299483,-6.76644627348833e-07,-0.00206539449208436,-0.014753831680721,-0.0110125526785414,-0.000149241393706711,-0.000107908383999555,6.86744348000201e-05,-8.98817250906403e-05,0.001158237482833,0.000649883207115037,-0.0183013913970469,-0.0320654597150209,-0.000411140666585763,-0.00104155429786834,-0.000793638497325277,-0.000843797311832817,0.000142002987857381,0.000158021530704211,0.00840186900424589,-0.00206471784745701,0.00374127900217963,4.13330097071567e-05,-0.00015855615989066,-0.000508354275717965,-0.0137640683179741,-0.000630413631282578,-5.01588145075393e-05,1.60185428468296e-05
policy_cf_fiscal_discipline,Stronger debt-limit rule,0.45,0.9,25,23,0.482635842239096,0.840358099638298,-0.0173641577609041,-0.00964190036170243,-6.39488729027097e-07,-0.00195506609401542,-0.013726190007574,-0.0103204868393826,-0.000138025475386483,-9.91353815793777e-05,5.71254172477137e-05,-9.51171092901937e-05,0.00108408715587982,0.000615577676881474,-0.0167597694562409,-0.0306482455452639,-0.000412840502873046,-0.00102292535085557,-0.000779769488786886,-0.000837022565747469,0.0001398676800759,0.000154915633657549,0.00772225739920163,-0.00195442660528639,0.00340570316819144,3.88900938071051e-05,-0.000152242526537907,-0.000468509478998347,-0.013888476089023,-0.000610084847982528,-5.72530769605839e-05,1.50479535816483e-05
policy_cf_fiscal_discipline,Stronger debt-limit rule,0.45,0.9,25,24,0.483841894977515,0.840935967634657,-0.0161581050224852,-0.00906403236534337,-6.03477056682465e-07,-0.00184824643020259,-0.0127612983578193,-0.0096600076200245,-0.000127580117254566,-9.10373525896974e-05,4.6655829192041e-05,-9.95376527634373e-05,0.00101149801992706,0.000580307048835341,-0.0153292771999078,-0.0293017323577969,-0.000412964150422135,-0.00100355986861478,-0.000765529989078084,-0.000829410547440124,0.000137912871733592,0.0001520340510901,0.00709407265714185,-0.00184764295314591,0.00310129073779483,3.65427646648684e-05,-0.000146193481955478,-0.000431190971091719,-0.013972455157889,-0.000590595718192644,-6.38805583620394e-05,1.41211793565077e-05
policy_cf_fiscal_discipline,Stronger debt-limit rule,0.45,0.9,25,25,0.484972136735076,0.841487019598803,-0.0150278632649242,-0.00851298040119708,-5.68729125729768e-07,-0.00174520685189179,-0.011857655362555,-0.00903176692591845,-0.000117820145058763,-8.34286203062144e-05,3.7165502683581e-05,-0.000103337821361404,0.000941358908732384,0.000544958607046106,-0.0140046863611776,-0.0280242304418055,-0.000411588123460982,-0.000983504134313362,-0.000751021216502501,-0.000821084849800147,0.000135997372663343,0.000149232433417801,0.00651488286372714,-0.00174463812276606,0.00282588843663654,3.43915247525486e-05,-0.000140503324044985,-0.000396400301686278,-0.0140195440806279,-0.00057191601085238,-7.00636332976456e-05,1.32350607544574e-05
policy_cf_fiscal_discipline,Stronger debt-limit rule,0.45,0.9,25,26,0.486029159461804,0.842011257213978,-0.0139708405381956,-0.00798874278602235,-5.35331645125591e-07,-0.00164610553493712,-0.0110130785685896,-0.00843552826492666,-0.000108671344033004,-7.616601840248e-05,2.85268763017821e-05,-0.000106705314974739,0.000874145057684697,0.000510044820524927,-0.0127804241444633,-0.0268135798602356,-0.000408984654917122,-0.000962992659805484,-0.000736324852070425,-0.000812146523727408,0.000134005940483517,0.000146393356965202,0.00598209775217323,-0.00164557020329199,0.00257755030366297,3.25053256305238e-05,-0.000135232191276521,-0.00036410023715977,-0.0140331557157722,-0.000554008004888362,-7.58216716569837e-05,1.23874164816851e-05
policy_cf_fiscal_discipline,Stronger debt-limit rule,0.45,0.9,25,27,0.48701598232209,0.842509041109343,-0.01298401767791,-0.0074909588906571,-5.03345493542754e-07,-0.00155102625680065,-0.0102250347703307,-0.00787061284984425,-0.000100084086179044,-6.91762686546062e-05,2.06325756551273e-05,-0.000109761744462977,0.000810090863883631,0.000475866367731434,-0.0116508226769683,-0.0256673739959981,-0.000405448429993238,-0.000942279962693471,-0.000721484663844918,-0.000802657033527776,0.000131876526545893,0.000143452836064428,0.00549305878725287,-0.0015505229113071,0.00235442192048642,3.09078175244381e-05,-0.000130394320118105,-0.000334224496152197,-0.0140165513190298,-0.000536831532700233,-8.11723696828581e-05,1.15763095185351e-05
policy_cf_fiscal_discipline,Stronger debt-limit rule,0.45,0.9,25,28,0.487935853199424,0.842980943135006,-0.0120641468005764,-0.00701905686499416,-4.72810438445609e-07,-0.00146000340740164,-0.00949083056350615,-0.00733614943129757,-9.20301205650422e-05,-6.24438925454357e-05,1.34077616527617e-05,-0.000112560280357207,0.000749304463519604,0.000442618573363807,-0.0106102476465244,-0.0245830710727342,-0.000401217192387393,-0.000921564527519125,-0.000706514604088104,-0.000792647020980808,0.000129595129994442,0.000140394934000199,0.00504508993558223,-0.0014595305969632,0.00215468113220858,2.95862280196065e-05,-0.000125968042009969,-0.000306685890155797,-0.0139728234262098,-0.000520347335131732,-8.61324168927036e-05,1.07998040057566e-05
policy_cf_fiscal_discipline,Stronger debt-limit rule,0.45,0.9,25,29,0.48879213527496,0.843427664733934,-0.0112078647250402,-0.00657233526606626,-4.43748186843565e-07,-0.00137303611571343,-0.00880771011424061,-0.00683118621368428,-8.44936952669921e-05,-5.59867540482744e-05,6.80469737923683e-06,-0.000115107093930006,0.000691830357808246,0.000410447728338148,-0.00965316109755321,-0.0235580465675778,-0.000396454164478754,-0.000900972922864285,-0.000691414472626328,-0.000782132235689459,0.000127178753152934,0.000137234727882074,0.00463552945897389,-0.00137259236752659,0.00197652390055633,2.85069412187177e-05,-0.000121911791309243,-0.000281382629470098,-0.0139048854700246,-0.00050451875838553,-9.07177630631306e-05,1.00559747291395e-05
policy_cf_fiscal_discipline,Stronger debt-limit rule,0.45,0.9,25,30,0.489588241422239,0.843849995488922,-0.0104117585777607,-0.00615000451107839,-4.16164504718372e-07,-0.00129009556706199,-0.008172902379595,-0.00635472594223052,-7.74632266699968e-05,-4.98340004775489e-05,7.91838722966065e-07,-0.000117386014393886,0.000637676756546537,0.000379473697356664,-0.00877415531356762,-0.0225896217060315,-0.000391261206533766,-0.000880573482567537,-0.00067618328587149,-0.000771126985303128,0.000124658415087353,0.000134001415447615,0.00426175406668228,-0.00128967940255727,0.00181817643736448,2.7629226192448e-05,-0.000118177853116852,-0.000258203059189874,-0.0138154663924639,-0.000489312276033771,-9.49436994316377e-05,9.34300036026237e-06
policy_cf_fiscal_discipline,Stronger debt-limit rule,0.45,0.9,25,31,0.49032759132472,0.844248791479498,-0.0096724086752798,-0.00575120852050182,-3.90050979380475e-07,-0.00121112896329707,-0.0075836465575995,-0.00590572935103184,-7.09258904222753e-05,-4.40117948991552e-05,-4.65591318662972e-06,-0.000119376977007507,0.000586824008798031,0.000349794776611956,-0.00796797742193034,-0.0216750863867685,-0.000385700956560875,-0.000860398320146727,-0.000660827066951364,-0.000759651953160856,0.000122067185669872,0.00013072643476808,0.00392120015477798,-0.00121073891231769,0.00167791720656766,2.69140955231201e-05,-0.000114721063820877,-0.000237029232186076,-0.0137071089648382,-0.000474697363585852,-9.8824886209492e-05,8.65924909820848e-06
policy_cf_fiscal_discipline,Stronger debt-limit rule,0.45,0.9,25,32,0.491013577817032,0.844624960916469,-0.00898642218296775,-0.0053750390835311,-3.65386746595056e-07,-0.00113606234784372,-0.00703721121855789,-0.00548311295346182,-6.48652319718392e-05,-3.85367823713453e-05,-9.56342054421466e-06,-0.000121066185829091,0.000539225773305479,0.000321486092959913,-0.00722955221307675,-0.0208117231341394,-0.00037981631954076,-0.000840462438927769,-0.000645361434351122,-0.000747736821947176,0.00011943385827573,0.000127437181680623,0.00361138309943665,-0.00113569696109712,0.00155409826509607,2.63284496004939e-05,-0.000111502765284877,-0.000217739680345566,-0.0135821709210626,-0.000460646119387009,-0.000102375387596054,8.00332340489263e-06
policy_cf_fiscal_discipline,Stronger debt-limit rule,0.45,0.9,25,33,0.49164953708097,0.844979451113275,-0.0083504629190303,-0.0050205488867251,-3.42140290282482e-07,-0.0010648033766412,-0.00653091304074221,-0.00508575200712891,-5.9260923997397e-05,-3.3414982068259e-05,-1.39580536023809e-05,-0.000122449569286628,0.000494809357547588,0.000294597721073389,-0.00655400405020234,-0.0199968323347126,-0.000373643236205035,-0.00082077609490061,-0.000629810764219196,-0.000735419494010014,0.000116780888474777,0.000124154952151123,0.0033299140323052,-0.00106446123635092,0.00144516103361331,2.5845941929138e-05,-0.000108491515684248,-0.000200211636474198,-0.0134428282845103,-0.000447132858695576,-0.000105608729790818,7.37406367634641e-06
policy_cf_fiscal_discipline,Stronger debt-limit rule,0.45,0.9,25,34,0.492238721764077,0.845313235080237,-0.00776127823592349,-0.00468676491976339,-3.2027128995298e-07,-0.000997244338603355,-0.00606213579576824,-0.00471249032365972,-5.40896503473881e-05,-2.86435288461319e-05,-1.78700411583715e-05,-0.000123532170731633,0.000453477705327041,0.000269154849223407,-0.00593667624362038,-0.0192277566771213,-0.000367216982426366,-0.000801350758414809,-0.000614205755640529,-0.000722743730959707,0.000114124789617698,0.000120895313685754,0.0030745133161601,-0.000996924067313402,0.00134964547210852,2.54461215012563e-05,-0.000105662129573261,-0.000184322856103633,-0.0132910804335009,-0.000434133775988443,-0.000108537975319178,6.77052406805601e-06
policy_cf_fiscal_discipline,Stronger debt-limit rule,0.45,0.9,25,35,0.492784277784312,0.845627298091344,-0.00721572221568756,-0.00437270190865557,-2.99732436752162e-07,-0.000933265329021818,-0.00562834818125457,-0.00436215451703881,-4.93263336051363e-05,-2.42133232280072e-05,-2.13315974840478e-05,-0.000124325793830163,0.000415113218704743,0.000245160101590786,-0.00537314611882511,-0.0185019026586026,-0.000360573978238632,-0.000782200669614763,-0.000598580708428109,-0.000709756509191695,0.000111477514278979,0.000117669449413382,0.00284302030703198,-0.000932965596585065,0.00126619366421576,2.51130103771291e-05,-0.000102994196346115,-0.000169953117113958,-0.0131287565397775,-0.000421626691376131,-0.000111175800763585,6.19193513440308e-06
policy_cf_fiscal_discipline,Stronger debt-limit rule,0.45,0.9,25,36,0.493289225712744,0.845922625172068,-0.00671077428725597,-0.00407737482793225,-2.804711372003e-07,-0.000872737353757511,-0.00522711893579396,-0.00403356946508437,-4.49452527990484e-05,-2.01114785210923e-05,-2.43756962870489e-05,-0.000124846414682467,0.000379582646458182,0.000222597209697833,-0.0048592348193961,-0.0178167578824393,-0.000353751235027011,-0.000763342097188868,-0.000582971215200012,-0.000696505782196932,0.000108847915085475,0.000114485579212564,0.00263339945932373,-0.000872456882620311,0.00119354947070959,2.48337742779561e-05,-0.000100470718395418,-0.000156985436760348,-0.0129575230630432,-0.000409590862161857,-0.00011353456699692,5.63766412708944e-06
policy_cf_fiscal_discipline,Stronger debt-limit rule,0.45,0.9,25,37,0.493756447118759,0.846200190297738,-0.00624355288124134,-0.00379980970226235,-2.62431047084396e-07,-0.000815525168345557,-0.00485612829809076,-0.00372557250468775,-4.0920870255208e-05,-1.6323125672249e-05,-2.70349816110793e-05,-0.000125112094501528,0.000346742143200643,0.000201435112168941,-0.00439101180571067,-0.0171699038232096,-0.000346785017255824,-0.000744791850915028,-0.000567412501600195,-0.000683038877316688,0.000106242875527185,0.000111350054520232,0.002443743178979,-0.000815262737298473,0.00113055579340301,2.4597744582959e-05,-9.8077112890449e-05,-0.000145307031031702,-0.0127788920174989,-0.000398006833659204,-0.000115626375716493,5.1071789930468e-06
policy_cf_fiscal_discipline,Stronger debt-limit rule,0.45,0.9,25,38,0.494188675682745,0.846460947684095,-0.00581132431725523,-0.00353905231590479,-2.45553407208658e-07,-0.000761489738198878,-0.0045131756102505,-0.00343702504150145,-3.722835639197e-05,-1.28325487278678e-05,-2.93410013085665e-05,-0.000125141585268759,0.000316441849880333,0.000181631810446059,-0.00396479466068733,-0.0165590244171834,-0.000339709608884187,-0.00072656591838649,-0.00055193837528511,-0.000669401485703935,0.00010366802747952,0.000108268045813764,0.00227227200135044,-0.000761244184791669,0.00107615056874905,2.43958076641022e-05,-9.58005839601928e-05,-0.000134810039434274,-0.012594229756496,-0.000386856309502304,-0.000117463110418825,4.60001833424428e-06
policy_cf_fiscal_discipline,Stronger debt-limit rule,0.45,0.9,25,39,0.494588492478968,0.846705825175145,-0.00541150752103203,-0.00329417482485506,-2.29778176724232e-07,-0.000710490286966474,-0.00419618340485202,-0.00316682123308443,-3.38438788164514e-05,-9.62380844532311e-06,-3.13237644231357e-05,-0.000124953534425598,0.000288529672555382,0.000163137631515167,-0.00357714512161467,-0.0159819111752384,-0.000332556529934025,-0.000708678560862763,-0.000536580632477301,-0.000655637095304251,0.00010112813315466,0.000105243900500263,0.00211733269617698,-0.00071026050878975,0.00102936217176759,2.42200703711283e-05,-9.36297700024624e-05,-0.000125392041040215,-0.0124047660536237,-0.000376122030928738,-0.00011905646282695,4.11576734560271e-06
policy_cf_fiscal_discipline,Stronger debt-limit rule,0.45,0.9,25,40,0.494958324653946,0.846935719493812,-0.00504167534605382,-0.00306428050618845,-2.15044975434507e-07,-0.000662385955929851,-0.00390319858884406,-0.00291389400767117,-3.07447383129716e-05,-6.68104748853711e-06,-3.30115431814715e-05,-0.000124566097773005,0.000262854196801138,0.000145897806540701,-0.00322486229677343,-0.0154364655893167,-0.000325354219997465,-0.000691141881962287,-0.000521368760028285,-0.000641786707176517,9.86272548999523e-05,0.000102281293689721,0.00197739483986537,-0.000662170910954416,0.00098930458117289,2.40636908244345e-05,-9.15545545915331e-05,-0.000116956390260436,-0.0122116032925432,-0.000365787661964823,-0.000120417947148233,3.65403878976878e-06
