scenario,label,phi_pi,horizon,yagg,pinfagg,r,y1,y2,pinf1,pinf2,y_gap,pinf_gap,abs_y_gap,abs_pinf_gap
hawkish_phi_110,phi_pi = 1.1,1.1,1,0.0022451843651905,0.000453301298042996,7.30454408450765e-05,0.00221830918775279,0.00227205954262844,0.000452227016483286,0.000454375579602706,5.37503548756479e-05,2.14856311941958e-06,5.37503548756479e-05,2.14856311941958e-06
hawkish_phi_110,phi_pi = 1.1,1.1,2,-7.96325486940308e-05,-0.000203462771366958,4.23295529854428e-05,-8.13255841305427e-05,-7.79395132576299e-05,-0.000201868114267256,-0.00020505742846666,3.38607087291276e-06,-3.18931419940327e-06,3.38607087291276e-06,3.18931419940327e-06
hawkish_phi_110,phi_pi = 1.1,1.1,3,-0.000104715806987676,-0.000152216989588227,2.01258634198176e-05,-9.42336170470792e-05,-0.000115197996928273,-0.000150397913167621,-0.000154036066008945,-2.09643798811943e-05,-3.63815284132318e-06,2.09643798811943e-05,3.63815284132318e-06
hawkish_phi_110,phi_pi = 1.1,1.1,4,-0.000122503676535657,-0.000109914730045846,4.66311842073353e-06,-0.000107616401262001,-0.000137390951809313,-0.000108738482617055,-0.000111090977474748,-2.97745505473124e-05,-2.35249485769362e-06,2.97745505473124e-05,2.35249485769362e-06
hawkish_phi_110,phi_pi = 1.1,1.1,5,-0.000122950090252649,-7.39861240137696e-05,-5.26579397086557e-06,-0.00010807519886713,-0.000137824981638168,-7.35809225362871e-05,-7.4391325491141e-05,-2.9749782771038e-05,-8.10402954853906e-07,2.9749782771038e-05,8.10402954853906e-07
hawkish_phi_110,phi_pi = 1.1,1.1,6,-0.000108056208663831,-4.47133100051067e-05,-1.07988369850709e-05,-9.53247964198267e-05,-0.000120787620907725,-4.48992852043473e-05,-4.45273348059771e-05,-2.54628244878985e-05,3.71950398370124e-07,2.54628244878985e-05,3.71950398370124e-07
hawkish_phi_110,phi_pi = 1.1,1.1,7,-8.38211284795998e-05,-2.25705361550643e-05,-1.30734687024958e-05,-7.38362914450841e-05,-9.38059655141155e-05,-2.30842512853879e-05,-2.20568210248517e-05,-1.99696740690314e-05,1.0274302605362e-06,1.99696740690314e-05,1.0274302605362e-06
hawkish_phi_110,phi_pi = 1.1,1.1,8,-5.64071524554732e-05,-7.39445564545971e-06,-1.31574972319637e-05,-4.88456587580677e-05,-6.39686461529898e-05,-7.99977419108089e-06,-6.78913709983853e-06,-1.51229873949221e-05,1.21063709124236e-06,1.51229873949221e-05,1.21063709124236e-06
hawkish_phi_110,phi_pi = 1.1,1.1,9,-3.05443172808895e-05,1.65353422199033e-06,-1.19665499414001e-05,-2.46295400935237e-05,-3.64590944682552e-05,1.12051857503737e-06,2.18654986872124e-06,-1.18295543747315e-05,1.06603129368388e-06,1.18295543747315e-05,1.06603129368388e-06
hawkish_phi_110,phi_pi = 1.1,1.1,10,-9.11911854140079e-06,5.84158302130433e-06,-1.0212942475718e-05,-3.96531460067351e-06,-1.42729224821281e-05,5.46558589453738e-06,6.21758014829332e-06,-1.03076078814546e-05,7.51994253755939e-07,1.03076078814546e-05,7.51994253755939e-07
hawkish_phi_110,phi_pi = 1.1,1.1,11,6.64734953748081e-06,6.57870649578562e-06,-8.39353589476843e-06,1.18143401042214e-05,1.48035897074017e-06,6.37822152604883e-06,6.77919146530037e-06,-1.03339811334813e-05,4.00969939251539e-07,1.03339811334813e-05,4.00969939251539e-07
hawkish_phi_110,phi_pi = 1.1,1.1,12,1.67772329631166e-05,5.18460406984111e-06,-6.80864818680682e-06,2.25063747303356e-05,1.10480911961197e-05,5.13287311232347e-06,5.23633502735876e-06,-1.14582835342159e-05,1.03461915035297e-07,1.14582835342159e-05,1.03461915035297e-07
hawkish_phi_110,phi_pi = 1.1,1.1,13,2.20675634887701e-05,2.74766563301831e-06,-5.59958250501147e-06,2.86515142056132e-05,1.54836127721492e-05,2.79413049719679e-06,2.70120076906188e-06,-1.3167901433464e-05,-9.29297281349051e-08,1.3167901433464e-05,9.29297281349051e-08
hawkish_phi_110,phi_pi = 1.1,1.1,14,2.36803696087584e-05,6.56460441561535e-08,-4.79313459700315e-06,3.11797226351107e-05,1.61810165824061e-05,1.53706122052455e-07,-2.24140335181033e-08,-1.49987060527046e-05,-1.76120155570558e-07,1.49987060527046e-05,1.76120155570558e-07
hawkish_phi_110,phi_pi = 1.1,1.1,15,2.28359317644422e-05,-2.3512072954146e-06,-4.34440041496842e-06,3.11337803144962e-05,1.45380832141662e-05,-2.27185174728195e-06,-2.43056284354726e-06,-1.659569710033e-05,-1.58711096265307e-07,1.659569710033e-05,1.58711096265307e-07
hawkish_phi_110,phi_pi = 1.1,1.1,16,2.06165194291952e-05,-4.23805516880371e-06,-4.17260772112016e-06,2.94832900438191e-05,1.17497488145712e-05,-4.20454172078699e-06,-4.27156861693145e-06,-1.77335412292479e-05,-6.7026896144462e-08,1.77335412292479e-05,6.7026896144462e-08
hawkish_phi_110,phi_pi = 1.1,1.1,17,1.78668549646321e-05,-5.51521000147215e-06,-4.18767477783355e-06,2.70214404409774e-05,8.71226948828685e-06,-5.54924110052202e-06,-5.48117890242228e-06,-1.83091709526906e-05,6.80621980997387e-08,1.83091709526906e-05,6.80621980997387e-08
hawkish_phi_110,phi_pi = 1.1,1.1,18,1.51679977984376e-05,-6.22534425542831e-06,-4.30740011836406e-06,2.43270826165709e-05,6.00891298030426e-06,-6.33419189266515e-06,-6.11649661808045e-06,-1.83181696362666e-05,2.17695274584706e-07,1.83181696362666e-05,2.17695274584706e-07
hawkish_phi_110,phi_pi = 1.1,1.1,19,1.28595168560341e-05,-6.47813418497289e-06,-4.46655868402424e-06,2.17718318964444e-05,3.94720181540187e-06,-6.65757698858904e-06,-6.29869138135675e-06,-1.78246300810425e-05,3.58885607232295e-07,1.78246300810425e-05,3.58885607232295e-07
hawkish_phi_110,phi_pi = 1.1,1.1,20,1.1087622431738e-05,-6.40734405710219e-06,-4.61983374688835e-06,1.95533515137125e-05,2.62189334998553e-06,-6.64538849826091e-06,-6.1692996160545e-06,-1.6931458163727e-05,4.76088882206405e-07,1.6931458163727e-05,4.76088882206405e-07
hawkish_phi_110,phi_pi = 1.1,1.1,21,9.86197490737695e-06,-6.14159048972773e-06,-4.74063340738518e-06,1.77396616012349e-05,1.98428821351904e-06,-6.42213154555815e-06,-5.86104943378629e-06,-1.57553733877158e-05,5.6108211177186e-07,1.57553733877158e-05,5.6108211177186e-07
hawkish_phi_110,phi_pi = 1.1,1.1,22,9.10948610588491e-06,-5.78755987157287e-06,-4.81761726334184e-06,1.63137600011076e-05,1.90521221088424e-06,-6.09345648439064e-06,-5.4816632587551e-06,-1.44085477902234e-05,6.11793225635537e-07,1.44085477902234e-05,6.11793225635537e-07
hawkish_phi_110,phi_pi = 1.1,1.1,23,8.71851578287952e-06,-5.42313801021876e-06,-4.85036061115274e-06,1.52120720153803e-05,2.22495955060076e-06,-5.73845847040566e-06,-5.10781754992085e-06,-1.29871124647796e-05,6.30640920484815e-07,1.29871124647796e-05,6.30640920484815e-07
hawkish_phi_110,phi_pi = 1.1,1.1,24,8.570891393056e-06,-5.09748723254155e-06,-4.84513735976577e-06,1.43537270009819e-05,2.78805578513008e-06,-5.40889144751144e-06,-4.78608301757166e-06,-1.15656712158518e-05,6.22808429939781e-07,1.15656712158518e-05,6.22808429939781e-07
hawkish_phi_110,phi_pi = 1.1,1.1,25,8.56197550858084e-06,-4.83528116279608e-06,-4.81139248531548e-06,1.36601828197858e-05,3.46376819737593e-06,-5.13264436186045e-06,-4.53791796362069e-06,-1.01964146224098e-05,5.94726398239764e-07,1.01964146224098e-05,5.94726398239764e-07
hawkish_phi_110,phi_pi = 1.1,1.1,26,8.61065333990219e-06,-4.64281777601272e-06,-4.75914558206725e-06,1.30663011419507e-05,4.15500553785364e-06,-4.91927112367119e-06,-4.36636442835425e-06,-8.91129560409709e-06,5.52906695316935e-07,8.91129560409709e-06,5.52906695316935e-07
hawkish_phi_110,phi_pi = 1.1,1.1,27,8.66183030878709e-06,-4.51436927717541e-06,-4.69733437480357e-06,1.25247647675408e-05,4.79889585025539e-06,-4.76595186393869e-06,-4.26278669041213e-06,-7.72586891728544e-06,5.03165173526554e-07,7.72586891728544e-06,5.03165173526554e-07
hawkish_phi_110,phi_pi = 1.1,1.1,28,8.68408344145699e-06,-4.43774920133588e-06,-4.63296616737274e-06,1.20059262755934e-05,5.36224060754265e-06,-4.66284983335896e-06,-4.2126485693128e-06,-6.64368566805074e-06,4.50201264046157e-07,6.64368566805074e-06,4.50201264046157e-07
hawkish_phi_110,phi_pi = 1.1,1.1,29,8.66475771044151e-06,-4.39859883993865e-06,-4.57087994987226e-06,1.14949932792374e-05,5.83452214164559e-06,-4.59733054003486e-06,-4.19986713973142e-06,-5.66047113759183e-06,3.97463400303444e-07,5.66047113759183e-06,3.97463400303444e-07
hawkish_phi_110,phi_pi = 1.1,1.1,30,8.60425314952451e-06,-4.38328072593919e-06,-4.51391149880465e-06,1.09880694196818e-05,6.22043687936724e-06,-4.55688838485457e-06,-4.20967306713482e-06,-4.76763254031454e-06,3.47215317719751e-07,4.76763254031454e-06,3.47215317719751e-07
hawkish_phi_110,phi_pi = 1.1,1.1,31,8.51066703599912e-06,-4.38051470441625e-06,-4.46327787129164e-06,1.04881191640427e-05,6.53321490773351e-06,-4.53087559626475e-06,-4.23015381256775e-06,-3.95490425630918e-06,3.00721783697e-07,3.95490425630918e-06,3.00721783697e-07
hawkish_phi_110,phi_pi = 1.1,1.1,32,8.39543689901134e-06,-4.3820210771095e-06,-4.41903892189899e-06,1.00015001278653e-05,6.78937367015742e-06,-4.51126411593616e-06,-4.25277803839386e-06,-3.21212645770785e-06,2.58486077542308e-07,3.21212645770785e-06,2.58486077542308e-07
hawkish_phi_110,phi_pi = 1.1,1.1,33,8.27022493798957e-06,-4.38247417255955e-06,-4.38053897888757e-06,9.53535992720411e-06,7.00508994899707e-06,-4.49271900204717e-06,-4.27222934318294e-06,-2.53026997820704e-06,2.20489658864231e-07,2.53026997820704e-06,2.20489658864231e-07
hawkish_phi_110,phi_pi = 1.1,1.1,34,8.14500634205295e-06,-4.37904880845608e-06,-4.34677326843769e-06,9.09594476294906e-06,7.19406792115684e-06,-4.47225014321706e-06,-4.28584747358407e-06,-1.90187684179222e-06,1.8640266963299e-07,1.90187684179222e-06,1.8640266963299e-07
hawkish_phi_110,phi_pi = 1.1,1.1,35,8.02716269010517e-06,-4.37078843162908e-06,-4.31665664923919e-06,8.68771137585433e-06,7.36661400435601e-06,-4.44866322513171e-06,-4.29291363812645e-06,-1.32109737149833e-06,1.55749587005261e-07,1.32109737149833e-06,1.55749587005261e-07
hawkish_phi_110,phi_pi = 1.1,1.1,36,7.92131390148221e-06,-4.35795816644546e-06,-4.28919528649985e-06,8.31305745729871e-06,7.5295703456657e-06,-4.42197127847876e-06,-4.29394505441216e-06,-7.83487111633008e-07,1.28026224066602e-07,7.83487111633008e-07,1.28026224066602e-07
hawkish_phi_110,phi_pi = 1.1,1.1,37,7.82962050749347e-06,-4.34148288364078e-06,-4.26357566918334e-06,7.97246736339297e-06,7.68677365181603e-06,-4.3928689646977e-06,-4.29009680258385e-06,-2.8569371157694e-07,1.02772162113851e-07,2.8569371157694e-07,1.02772162113851e-07
hawkish_phi_110,phi_pi = 1.1,1.1,38,7.75232619165678e-06,-4.32251794579841e-06,-4.23919154890484e-06,7.66488921688513e-06,7.83976316665047e-06,-4.36232144362947e-06,-4.28271444807837e-06,1.74873949765342e-07,7.96069955510958e-08,1.74873949765342e-07,7.96069955510958e-08
hawkish_phi_110,phi_pi = 1.1,1.1,39,7.68836705855591e-06,-4.30216186642074e-06,-4.21563010588599e-06,7.38819825074621e-06,7.98853586614356e-06,-4.33128201005051e-06,-4.27304172279097e-06,6.00337615397351e-07,5.82402872595367e-08,6.00337615397351e-07,5.82402872595367e-08
hawkish_phi_110,phi_pi = 1.1,1.1,40,7.63593337316237e-06,-4.28129572793701e-06,-4.19263598039343e-06,7.13964595311367e-06,8.13222079321108e-06,-4.30052808464421e-06,-4.26206337134083e-06,9.92574840097404e-07,3.84647133033766e-08,9.92574840097404e-07,3.84647133033766e-08
hawkish_phi_150,phi_pi = 1.5,1.5,1,0.00226378368285429,0.000478771793264832,9.54076826447103e-05,0.00223540612844131,0.00229216123726728,0.000477525000367907,0.000480018586161757,5.67551088259677e-05,2.49358579385017e-06,5.67551088259677e-05,2.49358579385017e-06
hawkish_phi_150,phi_pi = 1.5,1.5,2,-5.6368951777741e-05,-0.000182027629893611,5.77175871057101e-05,-5.90794611955436e-05,-5.36584423599384e-05,-0.000180486370899957,-0.000183568888887375,5.4210188356052e-06,-3.08251798741832e-06,5.4210188356052e-06,3.08251798741832e-06
hawkish_phi_150,phi_pi = 1.5,1.5,3,-8.20979040517811e-05,-0.000135871169193669,3.05300158500721e-05,-7.24366510822527e-05,-9.17591570211984e-05,-0.000134059373772866,-0.000137682964614583,-1.93225059389457e-05,-3.62359084171704e-06,1.93225059389457e-05,3.62359084171704e-06
hawkish_phi_150,phi_pi = 1.5,1.5,4,-0.000102964419623985,-9.83548224622321e-05,1.15347237947816e-05,-8.88024626292117e-05,-0.00011712637661887,-9.71681226303867e-05,-9.95415222939666e-05,-2.83239139896585e-05,-2.37339966357997e-06,2.83239139896585e-05,2.37339966357997e-06
hawkish_phi_150,phi_pi = 1.5,1.5,5,-0.00010742586335355,-6.63483192835379e-05,-7.56633964593689e-07,-9.32218403214558e-05,-0.000121629886385644,-6.59271075010848e-05,-6.676953106588e-05,-2.84080460641878e-05,-8.42423564795247e-07,2.84080460641878e-05,8.42423564795247e-07
hawkish_phi_150,phi_pi = 1.5,1.5,6,-9.6628715415159e-05,-3.99664704890945e-05,-7.71254403031385e-06,-8.45385846613977e-05,-0.000108718846169031,-4.01367063139757e-05,-3.97962346641023e-05,-2.41802615076336e-05,3.40471649873386e-07,2.41802615076336e-05,3.40471649873386e-07
hawkish_phi_150,phi_pi = 1.5,1.5,7,-7.60766261428403e-05,-1.9724359850315e-05,-1.06982797676292e-05,-6.67247339526389e-05,-8.54285183330417e-05,-2.02254570673688e-05,-1.92232626332611e-05,-1.87037843804028e-05,1.00219443410765e-06,1.87037843804028e-05,1.00219443410765e-06
hawkish_phi_150,phi_pi = 1.5,1.5,8,-5.16733477977649e-05,-5.6080222842203e-06,-1.10001051449871e-05,-4.47560500768107e-05,-5.85906455187191e-05,-6.20491693092973e-06,-5.0111276376219e-06,-1.38345954419083e-05,1.19378929330782e-06,1.38345954419083e-05,1.19378929330782e-06
hawkish_phi_150,phi_pi = 1.5,1.5,9,-2.80579437801354e-05,3.02536387519758e-06,-9.7251197381798e-06,-2.28151653159925e-05,-3.33007222441672e-05,2.49674729357885e-06,3.55398045659427e-06,-1.04855569281748e-05,1.05723316301543e-06,1.04855569281748e-05,1.05723316301543e-06
hawkish_phi_150,phi_pi = 1.5,1.5,10,-8.14197312071219e-06,7.24287232967136e-06,-7.73744501847418e-06,-3.6995845696941e-06,-1.25843616718413e-05,6.86829202778405e-06,7.61745263155866e-06,-8.88477710214719e-06,7.49160603774612e-07,8.88477710214719e-06,7.49160603774612e-07
hawkish_phi_150,phi_pi = 1.5,1.5,11,6.75544167227926e-06,8.27322295626765e-06,-5.64194510244143e-06,1.11662726813844e-05,2.34461066317415e-06,8.07274752134823e-06,8.47369839118706e-06,-8.82166201821022e-06,4.00950869838823e-07,8.82166201821022e-06,4.00950869838823e-07
hawkish_phi_150,phi_pi = 1.5,1.5,12,1.6521180771889e-05,7.29079990691162e-06,-3.80620332585124e-06,2.14507985338841e-05,1.15915630098939e-05,7.23944816316546e-06,7.34215165087981e-06,-9.85923552399015e-06,1.02703487714351e-07,9.85923552399015e-06,1.02703487714351e-07
hawkish_phi_150,phi_pi = 1.5,1.5,13,2.18075522706584e-05,5.27863875987578e-06,-2.40551093599883e-06,2.75561735185725e-05,1.60589310227444e-05,5.3275350320181e-06,5.22974248773345e-06,-1.14972424958282e-05,-9.77925442846583e-08,1.14972424958282e-05,9.77925442846583e-08
hawkish_phi_150,phi_pi = 1.5,1.5,14,2.36419783130604e-05,2.96748418260329e-06,-1.47653316506791e-06,3.02826422484692e-05,1.70013143778736e-05,3.06138246886078e-06,2.87358589634579e-06,-1.32813278705957e-05,-1.87796572514998e-07,1.32813278705957e-05,1.87796572514998e-07
hawkish_phi_150,phi_pi = 1.5,1.5,15,2.31321415302688e-05,8.33184732762504e-07,-9.68981742177633e-07,3.05635102626489e-05,1.57007727976666e-05,9.22662090285797e-07,7.43707375239211e-07,-1.48627374649823e-05,-1.78954715046586e-07,1.48627374649823e-05,1.78954715046586e-07
hawkish_phi_150,phi_pi = 1.5,1.5,16,2.12750941959161e-05,-8.68921333219141e-07,-7.88838374177203e-07,2.92843730667069e-05,1.32658153249032e-05,-8.20663395240118e-07,-9.17179271198165e-07,-1.60185577418037e-05,-9.65158759580476e-08,1.60185577418037e-05,9.65158759580476e-08
hawkish_phi_150,phi_pi = 1.5,1.5,17,1.88581004749722e-05,-2.05179328494065e-06,-8.30346443825292e-07,2.71803960778527e-05,1.05358048720916e-05,-2.06663349477942e-06,-2.03695307499085e-06,-1.66445912057611e-05,2.96804197885692e-08,1.66445912057611e-05,2.96804197885692e-08
hawkish_phi_150,phi_pi = 1.5,1.5,18,1.64295161093619e-05,-2.74114761311672e-06,-9.96682487208744e-07,2.47957364511997e-05,8.06329576752418e-06,-2.82696343500977e-06,-2.65533179122368e-06,-1.67324406836755e-05,1.71631643786085e-07,1.67324406836755e-05,1.71631643786085e-07
hawkish_phi_150,phi_pi = 1.5,1.5,19,1.4316057808994e-05,-3.02592834899862e-06,-1.21088158611116e-06,2.24862085749233e-05,6.14590704284268e-06,-3.17940735594657e-06,-2.87244934216169e-06,-1.63403015320807e-05,3.06958013784886e-07,1.63403015320807e-05,3.06958013784886e-07
hawkish_phi_150,phi_pi = 1.5,1.5,20,1.26653569409996e-05,-3.01956348691679e-06,-1.4193701483034e-06,2.04474821341449e-05,4.88323174785421e-06,-3.2297843024498e-06,-2.8093426714948e-06,-1.55642503862907e-05,4.20441630955004e-07,1.55642503862907e-05,4.20441630955004e-07
hawkish_phi_150,phi_pi = 1.5,1.5,21,1.14974150946523e-05,-2.83330998751552e-06,-1.59058701965087e-06,1.87544823455621e-05,4.24034784396454e-06,-3.0852698132966e-06,-2.58135016162342e-06,-1.45141345015976e-05,5.03919651673179e-07,1.45141345015976e-05,5.03919651673179e-07
hawkish_phi_150,phi_pi = 1.5,1.5,22,1.07538502909232e-05,-2.56070522808294e-06,-1.71088920786211e-06,1.74018031440237e-05,4.10589743782275e-06,-2.83828507252615e-06,-2.28312538352871e-06,-1.3295905706201e-05,5.55159688997442e-07,1.3295905706201e-05,5.55159688997442e-07
hawkish_phi_150,phi_pi = 1.5,1.5,23,1.03386192220611e-05,-2.27091520721423e-06,-1.77944785151318e-06,1.63389109542056e-05,4.33832748991669e-06,-2.55904685098063e-06,-1.98278356355885e-06,-1.20005834642889e-05,5.76263287421774e-07,1.20005834642889e-05,5.76263287421774e-07
hawkish_phi_150,phi_pi = 1.5,1.5,24,1.01476973952686e-05,-2.00835852948167e-06,-1.80329781929167e-06,1.54971910713009e-05,4.79820371945827e-06,-2.2943626076799e-06,-1.72235445128344e-06,-1.06989873518426e-05,5.72008156396464e-07,1.06989873518426e-05,5.72008156396464e-07
hawkish_phi_150,phi_pi = 1.5,1.5,25,1.00878358015866e-05,-1.79612344275437e-06,-1.79321062176996e-06,1.4808268797184e-05,5.36740280576709e-06,-2.07032042154331e-06,-1.52192646385441e-06,-9.44086599141691e-06,5.48393957688909e-07,9.44086599141691e-06,5.48393957688909e-07
hawkish_phi_150,phi_pi = 1.5,1.5,26,1.00860681908621e-05,-1.64114174394658e-06,-1.76066792278995e-06,1.42145362320711e-05,5.95760014943103e-06,-1.89690504115436e-06,-1.38537844684983e-06,-8.25693608264011e-06,5.11526594304534e-07,8.25693608264011e-06,5.11526594304534e-07
hawkish_phi_150,phi_pi = 1.5,1.5,27,1.00923244057416e-05,-1.53964844462617e-06,-1.71593852726915e-06,1.36735705635882e-05,6.51107824789499e-06,-1.77308629156769e-06,-1.30621059768465e-06,-7.16249231569321e-06,4.6687569388304e-07,7.16249231569321e-06,4.6687569388304e-07
hawkish_phi_150,phi_pi = 1.5,1.5,28,1.00775650924145e-05,-1.48200891736394e-06,-1.66709789328756e-06,1.31583317866113e-05,6.99679839799572e-06,-1.69144539063915e-06,-1.27257244408874e-06,-6.16153338861558e-06,4.18872946550408e-07,6.16153338861558e-06,4.18872946550408e-07
hawkish_phi_150,phi_pi = 1.5,1.5,29,1.00295337470691e-05,-1.45645956262097e-06,-1.61975537360526e-06,1.26548717220842e-05,7.40419577227591e-06,-1.6418507109428e-06,-1.27106841429914e-06,-5.25067594980833e-06,3.70782296643668e-07,5.25067594980833e-06,3.70782296643668e-07
hawkish_phi_150,phi_pi = 1.5,1.5,30,9.94772364237839e-06,-1.45165136566927e-06,-1.57724495597478e-06,1.21589401964606e-05,7.73650708829621e-06,-1.61403154042006e-06,-1.28927119091848e-06,-4.42243310816437e-06,3.24760349501574e-07,4.42243310816437e-06,3.24760349501574e-07
hawkish_phi_150,phi_pi = 1.5,1.5,31,9.83862541148461e-06,-1.45810649387901e-06,-1.54106563199363e-06,1.16724661913814e-05,8.00478463136578e-06,-1.59912115382799e-06,-1.31709183381901e-06,-3.66768156001562e-06,2.82029320008981e-07,3.66768156001562e-06,2.82029320008981e-07
hawkish_phi_150,phi_pi = 1.5,1.5,32,9.71184765030664e-06,-1.46881338625171e-06,-1.511407080379e-06,1.12005067129939e-05,8.22318858761939e-06,-1.59036259417267e-06,-1.34726417821973e-06,-2.9773181253745e-06,2.43098415952936e-07,2.9773181253745e-06,2.43098415952936e-07
hawkish_phi_150,phi_pi = 1.5,1.5,33,9.57733387130233e-06,-1.47922130022682e-06,-1.48765006557916e-06,1.07489412741746e-05,8.40572646843007e-06,-1.58321481358303e-06,-1.3752277868706e-06,-2.34321480574451e-06,2.07987026712431e-07,2.34321480574451e-06,2.07987026712431e-07
hawkish_phi_150,phi_pi = 1.5,1.5,34,9.44364660138142e-06,-1.48687804546466e-06,-1.46877924156463e-06,1.03229629055956e-05,8.56433029716719e-06,-1.57508827292041e-06,-1.3986678180089e-06,-1.75863260842846e-06,1.76420454911508e-07,1.75863260842846e-06,1.76420454911508e-07
hawkish_phi_150,phi_pi = 1.5,1.5,35,9.31714340302037e-06,-1.49090851431222e-06,-1.45368398718482e-06,9.92627513829447e-06,8.70801166752422e-06,-1.56490038394352e-06,-1.41691664468091e-06,-1.21826347077025e-06,1.47983739262614e-07,1.21826347077025e-06,1.47983739262614e-07
hawkish_phi_150,phi_pi = 1.5,1.5,36,9.20180851049501e-06,-1.49147508243797e-06,-1.44134910096128e-06,9.56083440994959e-06,8.84278261126248e-06,-1.55259019840592e-06,-1.43035996658103e-06,-7.18051798687114e-07,1.22230231824894e-07,7.18051798687114e-07,1.22230231824894e-07
hawkish_phi_150,phi_pi = 1.5,1.5,37,9.09950226102296e-06,-1.48930652854595e-06,-1.43095253091197e-06,9.2269600242556e-06,8.97204449779032e-06,-1.5386809802953e-06,-1.4399320767966e-06,-2.54915526465282e-07,9.87489034987021e-08,2.54915526465282e-07,9.87489034987021e-08
hawkish_phi_150,phi_pi = 1.5,1.5,38,9.01042466994184e-06,-1.48533696409103e-06,-1.42189394236603e-06,8.92365020210839e-06,9.09719913777529e-06,-1.52393609742507e-06,-1.44673783086802e-06,1.73548935666901e-07,7.71982665570548e-08,1.73548935666901e-07,7.71982665570548e-08
hawkish_phi_150,phi_pi = 1.5,1.5,39,8.93363990850382e-06,-1.48046327419493e-06,-1.41377837858947e-06,8.64897669794473e-06,9.21830311884086e-06,-1.50912134089243e-06,-1.45180520738641e-06,5.69326420896132e-07,5.73161335060135e-08,5.69326420896132e-07,5.73161335060135e-08
hawkish_phi_150,phi_pi = 1.5,1.5,40,8.86756106543984e-06,-1.47540867134754e-06,-1.40637598522453e-06,8.40046971806174e-06,9.33465241303999e-06,-1.49486565348411e-06,-1.45595168921098e-06,9.34182694978247e-07,3.89139642731351e-08,9.34182694978247e-07,3.89139642731351e-08
hawkish_phi_200,phi_pi = 2.0,2,1,0.00225156506960533,0.000482047717593526,0.000120126458802883,0.00222295317653165,0.00228017696267901,0.000480855006331327,0.000483240428855725,5.72237861473646e-05,2.385422524398e-06,5.72237861473646e-05,2.385422524398e-06
hawkish_phi_200,phi_pi = 2.0,2,2,-5.81172093658822e-05,-0.000174646902290632,7.2244567920654e-05,-6.00139194437688e-05,-5.62204992878845e-05,-0.000173011315163674,-0.00017628248941759,3.79342015588424e-06,-3.27117425391599e-06,3.79342015588424e-06,3.27117425391599e-06
hawkish_phi_200,phi_pi = 2.0,2,3,-7.97676723435226e-05,-0.000128136152389269,3.83282856728506e-05,-6.91639880078254e-05,-9.03713566792197e-05,-0.000126280984931615,-0.000129991319846923,-2.12073686713943e-05,-3.71033491530781e-06,2.12073686713943e-05,3.71033491530781e-06
hawkish_phi_200,phi_pi = 2.0,2,4,-9.90120260916383e-05,-9.17442491924492e-05,1.49611438737818e-05,-8.41050590905112e-05,-0.000113918993092876,-9.05644672359873e-05,-9.29240311488e-05,-2.98139340023651e-05,-2.35956391281267e-06,2.98139340023651e-05,2.35956391281267e-06
hawkish_phi_200,phi_pi = 2.0,2,5,-0.000102925037003154,-6.13325276901389e-05,3.4973013596229e-08,-8.82263139141415e-05,-0.000117623760092056,-6.09442725548748e-05,-6.17207828252919e-05,-2.93974461779145e-05,-7.76510270417141e-07,2.93974461779145e-05,7.76510270417141e-07
hawkish_phi_200,phi_pi = 2.0,2,6,-9.21681789369799e-05,-3.65379649152064e-05,-8.28092304772099e-06,-7.97696711981599e-05,-0.000104566686675911,-3.67445211665318e-05,-3.633140866377e-05,-2.4797015477751e-05,4.1311250276177e-07,2.4797015477751e-05,4.1311250276177e-07
hawkish_phi_200,phi_pi = 2.0,2,7,-7.20354131058532e-05,-1.76458457300521e-05,-1.17452784975658e-05,-6.24630154482109e-05,-8.16078107634954e-05,-1.81728843307027e-05,-1.71188071292905e-05,-1.91447953152846e-05,1.05407720141226e-06,1.91447953152846e-05,1.05407720141226e-06
hawkish_phi_200,phi_pi = 2.0,2,8,-4.82872208181773e-05,-4.54702742092028e-06,-1.19770917512696e-05,-4.11476534127875e-05,-5.54267882236781e-05,-5.15474434226171e-06,-3.93931049946783e-06,-1.42791348108906e-05,1.21543384279388e-06,1.42791348108906e-05,1.21543384279388e-06
hawkish_phi_200,phi_pi = 2.0,2,9,-2.54341334786634e-05,3.41467610120993e-06,-1.03464594594094e-05,-1.99059601337925e-05,-3.09623068234233e-05,2.88866156727963e-06,3.94069063514024e-06,-1.10563466896307e-05,1.05202906786062e-06,1.10563466896307e-05,1.05202906786062e-06
hawkish_phi_200,phi_pi = 2.0,2,10,-6.27442316991633e-06,7.26945083306951e-06,-7.90661559935124e-06,-1.45479977076146e-06,-1.10940465690712e-05,6.90581537599044e-06,7.63308629037063e-06,-9.63924679830974e-06,7.27270914380185e-07,9.63924679830974e-06,7.27270914380185e-07
hawkish_phi_200,phi_pi = 2.0,2,11,7.95969925704298e-06,8.18189068874098e-06,-5.38264582705672e-06,1.28401649865939e-05,3.07923352727002e-06,7.99478532997888e-06,8.36899604750307e-06,-9.76093145932388e-06,3.74210717524193e-07,9.76093145932388e-06,3.74210717524193e-07
hawkish_phi_200,phi_pi = 2.0,2,12,1.72084789906712e-05,7.25270746659845e-06,-3.20536479669897e-06,2.26811677810357e-05,1.17357902003068e-05,7.21210006182638e-06,7.29331487114848e-06,-1.09453775807289e-05,8.12148093221055e-08,1.09453775807289e-05,8.12148093221055e-08
hawkish_phi_200,phi_pi = 2.0,2,13,2.21440006042961e-05,5.39456018322504e-06,-1.57134140521542e-06,2.8480034804268e-05,1.58079664045463e-05,5.44824117176823e-06,5.34087919468185e-06,-1.26720683997217e-05,-1.07361977086384e-07,1.26720683997217e-05,1.07361977086384e-07
hawkish_phi_200,phi_pi = 2.0,2,14,2.37856213736176e-05,3.27924337573116e-06,-5.11475053643906e-07,3.10268631382726e-05,1.65443796091846e-05,3.37051989496295e-06,3.1879668567214e-06,-1.4482483529088e-05,-1.82553038241551e-07,1.4482483529088e-05,1.82553038241551e-07
hawkish_phi_200,phi_pi = 2.0,2,15,2.32139796174646e-05,1.33898652188158e-06,4.46594219383201e-08,3.12315267234631e-05,1.51964325114662e-05,1.41859964708502e-06,1.2593733964561e-06,-1.60350942119969e-05,-1.59226250628919e-07,1.60350942119969e-05,1.59226250628919e-07
hawkish_phi_200,phi_pi = 2.0,2,16,2.13895298637468e-05,-1.98626698311166e-07,2.16122731266921e-07,2.99497989089126e-05,1.2829260818803e-05,-1.66197063999896e-07,-2.31056332733459e-07,-1.71205380901096e-05,-6.48592687335636e-08,1.71205380901096e-05,6.48592687335636e-08
hawkish_phi_200,phi_pi = 2.0,2,17,1.90615399302541e-05,-1.2602418504315e-06,1.32456952295357e-07,2.78866048601945e-05,1.02364750000916e-05,-1.29502034451612e-06,-1.22546335623586e-06,-1.76501298601028e-05,6.95569882802616e-08,1.76501298601028e-05,6.95569882802616e-08
hawkish_phi_200,phi_pi = 2.0,2,18,1.67448638594969e-05,-1.87429013021045e-06,-9.02931747148727e-08,2.55597632430327e-05,7.92996447596117e-06,-1.98218854441379e-06,-1.76639171600712e-06,-1.76297987670715e-05,2.15796828406667e-07,1.76297987670715e-05,2.15796828406667e-07
hawkish_phi_200,phi_pi = 2.0,2,19,1.47405869677097e-05,-2.1249841023474e-06,-3.61658756942163e-07,2.33051129892026e-05,6.17606094599488e-06,-2.300944090039e-06,-1.94902411465581e-06,-1.71290520432077e-05,3.51919975383197e-07,1.71290520432077e-05,3.51919975383197e-07
hawkish_phi_200,phi_pi = 2.0,2,20,1.31797022753233e-05,-2.11688979312452e-06,-6.20019079189404e-07,2.13054933857482e-05,5.05391116512044e-06,-2.34865033055254e-06,-1.8851292556965e-06,-1.62515822206277e-05,4.63521074856033e-07,1.62515822206277e-05,4.63521074856033e-07
hawkish_phi_200,phi_pi = 2.0,2,21,1.20739905671297e-05,-1.95098737487687e-06,-8.30196534185035e-07,1.96296488972347e-05,4.51833223680254e-06,-2.22267241800633e-06,-1.6793023317474e-06,-1.51113166604322e-05,5.43370086258932e-07,1.51113166604322e-05,5.43370086258932e-07
hawkish_phi_200,phi_pi = 2.0,2,22,1.13636398397787e-05,-1.7110684671362e-06,-9.78063037448962e-07,1.82713488958708e-05,4.45593078346462e-06,-2.00611984457755e-06,-1.41601708958383e-06,-1.38154181124062e-05,5.90102754993715e-07,1.38154181124062e-05,5.90102754993715e-07
hawkish_phi_200,phi_pi = 2.0,2,23,1.09558872447568e-05,-1.45825943653755e-06,-1.06418907175332e-06,1.71829499107101e-05,4.72882457880353e-06,-1.76151657083068e-06,-1.15500230213339e-06,-1.24541253319066e-05,6.06514268697289e-07,1.24541253319066e-05,6.06514268697289e-07
hawkish_phi_200,phi_pi = 2.0,2,24,1.07526320041185e-05,-1.23115886352387e-06,-1.09787668245431e-06,1.63008088165384e-05,5.20445519169854e-06,-1.53008797476595e-06,-9.32229752170777e-07,-1.10963536248398e-05,5.97858222595171e-07,1.10963536248398e-05,5.97858222595171e-07
hawkish_phi_200,phi_pi = 2.0,2,25,1.06674431863407e-05,-1.04927109312314e-06,-1.09231102118912e-06,1.55622160566971e-05,5.77267031598439e-06,-1.33447053773939e-06,-7.64071648506892e-07,-9.78954574071267e-06,5.70398889232493e-07,9.78954574071267e-06,5.70398889232493e-07
hawkish_phi_200,phi_pi = 2.0,2,26,1.06337877625595e-05,-9.17876333828005e-07,-1.06109748387873e-06,1.49149002985904e-05,6.35267522630656e-06,-1.18304269680625e-06,-6.52709970849763e-07,-8.56222507228388e-06,5.30332725956484e-07,8.56222507228388e-06,5.30332725956484e-07
hawkish_phi_200,phi_pi = 2.0,2,27,1.06068617191646e-05,-8.33025045499092e-07,-1.01613560610225e-06,1.43208152878493e-05,6.89290815070187e-06,-1.07457338704986e-06,-5.91476704059346e-07,-7.42790713714747e-06,4.83096682990514e-07,7.42790713714747e-06,4.83096682990514e-07
hawkish_phi_200,phi_pi = 2.0,2,28,1.05613821510531e-05,-7.85862854235653e-07,-9.66601590102201e-07,1.3756055127212e-05,7.36670917489413e-06,-1.0023718090002e-06,-5.69353899360081e-07,-6.38934595231788e-06,4.33017909640121e-07,6.38934595231788e-06,4.33017909640121e-07
hawkish_phi_200,phi_pi = 2.0,2,29,1.04873328854449e-05,-7.6591664199821e-07,-9.18739410549207e-07,1.32085508561808e-05,7.76611491470902e-06,-9.57530396195061e-07,-5.74302887690337e-07,-5.44243594147176e-06,3.83227508504724e-07,5.44243594147176e-06,3.83227508504724e-07
hawkish_phi_200,phi_pi = 2.0,2,30,1.03851439330338e-05,-7.63278165005765e-07,-8.76162634888544e-07,1.26748428217471e-05,8.09544504432047e-06,-9.31154511940591e-07,-5.95401818181962e-07,-4.57939777742666e-06,3.35752693758629e-07,4.57939777742666e-06,3.35752693758629e-07
hawkish_phi_200,phi_pi = 2.0,2,31,1.02612622148168e-05,-7.69811631107231e-07,-8.40414759339936e-07,1.21568209310308e-05,8.36570349882493e-06,-9.15666155010264e-07,-6.23957107204198e-07,-3.79111743220584e-06,2.91709047806066e-07,3.79111743220584e-06,2.91709047806066e-07
hawkish_phi_200,phi_pi = 2.0,2,32,1.01246197397042e-05,-7.79605148326645e-07,-8.11600386674272e-07,1.16589563012859e-05,8.59028317834465e-06,-9.05370322379362e-07,-6.53839974162906e-07,-3.06867312294123e-06,2.51530348216455e-07,3.06867312294123e-06,2.51530348216455e-07
hawkish_phi_200,phi_pi = 2.0,2,33,9.98416357789189e-06,-7.88908456117454e-07,-7.8896565658404e-07,1.11862539087237e-05,8.782073246838e-06,-8.96504483982596e-07,-6.8131242814129e-07,-2.40418066188575e-06,2.15192055841307e-07,2.40418066188575e-06,2.15192055841307e-07
hawkish_phi_200,phi_pi = 2.0,2,34,9.84738568177157e-06,-7.95776558981665e-07,-7.71363489748822e-07,1.07429495181943e-05,8.95182184557086e-06,-8.86977657543753e-07,-7.04575460308554e-07,-1.79112767262346e-06,1.82402197235199e-07,1.79112767262346e-06,1.82402197235199e-07
hawkish_phi_200,phi_pi = 2.0,2,35,9.71966626428511e-06,-7.99592734468391e-07,-7.57582579336002e-07,1.03318500657146e-05,9.10748246285564e-06,-8.75966669755535e-07,-7.23218799070224e-07,-1.22436760285893e-06,1.5274787068531e-07,1.22436760285893e-06,1.5274787068531e-07
hawkish_phi_200,phi_pi = 2.0,2,36,9.60419881579355e-06,-8.0059130624921e-07,-7.46547829777455e-07,9.95415933502386e-06,9.2542382963412e-06,-8.63489368341241e-07,-7.376932442682e-07,-6.9992103868266e-07,1.25796124073041e-07,6.9992103868266e-07,1.25796124073041e-07
hawkish_phi_200,phi_pi = 2.0,2,37,9.50227252594082e-06,-7.99451297717191e-07,-7.37415808638175e-07,9.60962119700426e-06,9.39492385487739e-06,-8.50028560206439e-07,-7.4887403511692e-07,-2.14697342126868e-07,1.0115452508952e-07,2.14697342126868e-07,1.0115452508952e-07
hawkish_phi_200,phi_pi = 2.0,2,38,9.41372588059153e-06,-7.9699239163844e-07,-7.29594651582843e-07,9.29683257133718e-06,9.53061918984588e-06,-8.36242402768583e-07,-7.57742380508297e-07,2.33786618508702e-07,7.85000222602861e-08,2.33786618508702e-07,7.85000222602861e-08
hawkish_phi_200,phi_pi = 2.0,2,39,9.33743546061017e-06,-7.93976506097138e-07,-7.22716950729563e-07,9.0136124346607e-06,9.66125848633759e-06,-8.22769249397837e-07,-7.65183762907462e-07,6.47646051676887e-07,5.75854864903746e-08,6.47646051676887e-07,5.75854864903746e-08
hawkish_phi_200,phi_pi = 2.0,2,40,9.271753982798e-06,-7.91001193767293e-07,-7.16589395821643e-07,8.75735060645866e-06,9.7861573589153e-06,-8.10117449789871e-07,-7.71884937855738e-07,1.02880675245665e-06,3.82325119341331e-08,1.02880675245665e-06,3.82325119341331e-08
hawkish_phi_300,phi_pi = 3.0,3,1,0.00221009195923116,0.000473359931167261,0.000165766564588443,0.00218189165957017,0.00223829225889194,0.00047241043943913,0.000474309422895614,5.64005993217709e-05,1.89898345648309e-06,5.64005993217709e-05,1.89898345648309e-06
hawkish_phi_300,phi_pi = 3.0,3,2,-7.71851243831501e-05,-0.000170846208015552,9.66386822218723e-05,-7.64197819296264e-05,-7.79504668365627e-05,-0.000168947608630399,-0.000172744807400815,-1.53068490693631e-06,-3.79719877041662e-06,1.53068490693631e-06,3.79719877041662e-06
hawkish_phi_300,phi_pi = 3.0,3,3,-8.89806254328329e-05,-0.000120302692056651,4.96206585742787e-05,-7.55669038600137e-05,-0.000102394347005652,-0.000118341177546166,-0.000122264206567135,-2.68274431456383e-05,-3.92302902096908e-06,2.68274431456383e-05,3.92302902096908e-06
hawkish_phi_300,phi_pi = 3.0,3,4,-0.00010267939011066,-8.35184664512711e-05,1.83128009627609e-05,-8.55299482798166e-05,-0.000119828831941615,-8.23658028396013e-05,-8.4671130062941e-05,-3.42988836617986e-05,-2.30532722333976e-06,3.42988836617986e-05,2.30532722333976e-06
hawkish_phi_300,phi_pi = 3.0,3,5,-0.00010286972143303,-5.42848263233031e-05,-1.00751459952697e-06,-8.65776257569228e-05,-0.000119161817109137,-5.39884764103604e-05,-5.45811762361348e-05,-3.2584191352214e-05,-5.92699825774368e-07,3.2584191352214e-05,5.92699825774368e-07
hawkish_phi_300,phi_pi = 3.0,3,6,-8.96089235443709e-05,-3.12449861094022e-05,-1.12800813902858e-05,-7.60810629114594e-05,-0.000103136784177171,-3.15492941064255e-05,-3.09406781123789e-05,-2.70557212657119e-05,6.08615994046602e-07,2.70557212657119e-05,6.08615994046602e-07
hawkish_phi_300,phi_pi = 3.0,3,7,-6.80460350876988e-05,-1.41550400460932e-05,-1.51288130136873e-05,-5.75505181527047e-05,-7.85415520226929e-05,-1.47513233764718e-05,-1.35587567158257e-05,-2.09910338699881e-05,1.19256666064604e-06,2.09910338699881e-05,1.19256666064604e-06
hawkish_phi_300,phi_pi = 3.0,3,8,-4.38037413571513e-05,-2.61833294046276e-06,-1.48518279705634e-05,-3.57183471451084e-05,-5.18891355691942e-05,-3.25562998948481e-06,-1.98103589144072e-06,-1.61707884240858e-05,1.27459409804409e-06,1.61707884240858e-05,1.27459409804409e-06
hawkish_phi_300,phi_pi = 3.0,3,9,-2.11760046789911e-05,4.15661292141323e-06,-1.23209645375155e-05,-1.45242371336618e-05,-2.78277722244313e-05,3.6356804844484e-06,4.67754535815601e-06,-1.33035350907695e-05,1.04186487370761e-06,1.33035350907695e-05,1.04186487370761e-06
hawkish_phi_300,phi_pi = 3.0,3,10,-2.69909661321233e-06,7.23098853305792e-06,-8.92492303949943e-06,3.49384341924441e-06,-8.89203664578009e-06,6.89372947904054e-06,7.56824758729735e-06,-1.23858800650245e-05,6.74518108256805e-07,1.23858800650245e-05,6.74518108256805e-07
hawkish_phi_300,phi_pi = 3.0,3,11,1.0647785793072e-05,7.73171578849485e-06,-5.58193316546607e-06,1.71518881260102e-05,4.14368346013383e-06,7.57692228781082e-06,7.88650928895684e-06,-1.30082046658764e-05,3.09587001146028e-07,1.30082046658764e-05,3.09587001146028e-07
hawkish_phi_300,phi_pi = 3.0,3,12,1.90083998827806e-05,6.68319024343944e-06,-2.80652664508274e-06,2.6305763275225e-05,1.17110364901141e-05,6.66769521129318e-06,6.69868527536366e-06,-1.4594726785111e-05,3.09900640704797e-08,1.4594726785111e-05,3.09900640704797e-08
hawkish_phi_300,phi_pi = 3.0,3,13,2.31901717089311e-05,4.9075728161263e-06,-8.04486544270233e-07,3.14759625312799e-05,1.49043808868043e-05,4.97036083535463e-06,4.84478479689798e-06,-1.65715816444756e-05,-1.25576038456643e-07,1.65715816444756e-05,1.25576038456643e-07
hawkish_phi_300,phi_pi = 3.0,3,14,2.42797244363047e-05,2.98988472180461e-06,4.27237525357782e-07,3.35131410580392e-05,1.50463078145702e-05,3.07022514567379e-06,2.90954429793544e-06,-1.8466833243469e-05,-1.60680847738348e-07,1.8466833243469e-05,1.60680847738348e-07
hawkish_phi_300,phi_pi = 3.0,3,15,2.33691022102356e-05,1.29042748797659e-06,1.01160394305744e-06,3.33462203869761e-05,1.3391984033273e-05,1.33914053646045e-06,1.24171443949272e-06,-1.99542363537031e-05,-9.74260969677232e-08,1.99542363537031e-05,9.74260969677232e-08
hawkish_phi_300,phi_pi = 3.0,3,16,2.13919638269999e-05,-1.523718029528e-08,1.12190666401446e-06,3.18201144091645e-05,1.09638132450574e-05,-3.06715874920371e-08,1.97226901477165e-10,-2.08563011641072e-05,3.08688143935143e-08,2.08563011641072e-05,3.08688143935143e-08
hawkish_phi_300,phi_pi = 3.0,3,17,1.90504969210803e-05,-8.85504261693981e-07,9.33810634595744e-07,2.96116396150126e-05,8.48935422692598e-06,-9.80503225833651e-07,-7.90505297665334e-07,-2.11222853880866e-05,1.89997928168317e-07,2.11222853880866e-05,1.89997928168317e-07
hawkish_phi_300,phi_pi = 3.0,3,18,1.68071108990198e-05,-1.3630090511807e-06,5.97165322302473e-07,2.72043180038484e-05,6.4099037944132e-06,-1.5384193017276e-06,-1.18759880052277e-06,-2.07944142094352e-05,3.50820501204829e-07,2.07944142094352e-05,3.50820501204829e-07
hawkish_phi_300,phi_pi = 3.0,3,19,1.49155246331745e-05,-1.53293748195171e-06,2.23584145420119e-07,2.49016126150359e-05,4.92943665131307e-06,-1.77902219533621e-06,-1.28685276867824e-06,-1.99721759637228e-05,4.92169426657973e-07,1.99721759637228e-05,4.92169426657973e-07
hawkish_phi_300,phi_pi = 3.0,3,20,1.34702754968075e-05,-1.49228929036127e-06,-1.14919756155629e-07,2.28607458849783e-05,4.07980510863659e-06,-1.79299977143277e-06,-1.19157880917875e-06,-1.87809407763417e-05,6.01420962254018e-07,1.87809407763417e-05,6.01420962254018e-07
hawkish_phi_300,phi_pi = 3.0,3,21,1.24595365007529e-05,-1.33017359549292e-06,-3.80656784093603e-07,2.11335464328499e-05,3.78552656865594e-06,-1.66693905234716e-06,-9.93408138527663e-07,-1.7348019864194e-05,6.73530913819498e-07,1.7348019864194e-05,6.73530913819498e-07
hawkish_phi_300,phi_pi = 3.0,3,22,1.18118874452566e-05,-1.11752262588194e-06,-5.61922331332454e-07,1.97053484438658e-05,3.91842644686946e-06,-1.47215809154222e-06,-7.62887160221659e-07,-1.57869219969964e-05,7.0927093132056e-07,1.57869219969964e-05,7.0927093132056e-07
hawkish_phi_300,phi_pi = 3.0,3,23,1.14324863367266e-05,-9.03857398371066e-07,-6.6414661947789e-07,1.85269999677384e-05,4.33797270571468e-06,-1.26047636228588e-06,-5.47238434456254e-07,-1.41890272620238e-05,7.13237927829624e-07,1.41890272620238e-05,7.13237927829624e-07
hawkish_phi_300,phi_pi = 3.0,3,24,1.12275878743073e-05,-7.1865623929579e-07,-7.02096597082758e-07,1.7538133768813e-05,4.91704197957965e-06,-1.06466734339783e-06,-3.72645135082728e-07,-1.26210917892333e-05,6.92022208315102e-07,1.26210917892333e-05,6.92022208315102e-07
hawkish_phi_300,phi_pi = 3.0,3,25,1.11185613647091e-05,-5.75199246899416e-07,-6.93881038849042e-07,1.66819367197757e-05,5.55518600964255e-06,-9.01572461686762e-07,-2.48826032001048e-07,-1.11267507101331e-05,6.52746429685713e-07,1.11267507101331e-05,6.52746429685713e-07
hawkish_phi_300,phi_pi = 3.0,3,26,1.10476732395615e-05,-4.75272328048781e-07,-6.56922193531528e-07,1.59128297434474e-05,6.18251673567549e-06,-7.76297191529274e-07,-1.74247464457267e-07,-9.73031300777194e-06,6.02049727072007e-07,9.73031300777194e-06,6.02049727072007e-07
hawkish_phi_300,phi_pi = 3.0,3,27,1.09782047590379e-05,-4.13657625153441e-07,-6.05689812527288e-07,1.5198940949368e-05,6.75746856870774e-06,-6.86405831840098e-07,-1.40909418466784e-07,-8.44147238066029e-06,5.45496413373314e-07,8.44147238066029e-06,5.45496413373314e-07
hawkish_phi_300,phi_pi = 3.0,3,28,1.08912631531233e-05,-3.81816985806083e-07,-5.50810189015039e-07,1.45212437707709e-05,7.2612825352536e-06,-6.25484046778979e-07,-1.38149924944209e-07,-7.25996123551731e-06,4.8733412183477e-07,7.25996123551731e-06,4.8733412183477e-07
hawkish_phi_300,phi_pi = 3.0,3,29,1.07811622871434e-05,-3.70545130690125e-07,-4.99114944263468e-07,1.38709428123551e-05,7.69138176215378e-06,-5.85797310548308e-07,-1.55292950831942e-07,-6.17956105020134e-06,4.30504359716366e-07,6.17956105020134e-06,4.30504359716366e-07
hawkish_phi_300,phi_pi = 3.0,3,30,1.06506826660357e-05,-3.71618896766179e-07,-4.54232583546599e-07,1.32462831301527e-05,8.05508220191875e-06,-5.60023650009178e-07,-1.8321414352318e-07,-5.191200928234e-06,3.76809506485998e-07,5.191200928234e-06,3.76809506485998e-07
hawkish_phi_300,phi_pi = 3.0,3,31,1.05069913391986e-05,-3.78610551576841e-07,-4.174085697084e-07,1.26495448991015e-05,8.3644377790737e-06,-5.42188071328553e-07,-2.15033031825129e-07,-4.28510712002783e-06,3.27155039503424e-07,4.28510712002783e-06,3.27155039503424e-07
hawkish_phi_300,phi_pi = 3.0,3,32,1.03585750916846e-05,-3.87090208220364e-07,-3.88335704260001e-07,1.20846304796363e-05,8.63251970395496e-06,-5.27993486043599e-07,-2.4618693039713e-07,-3.45211077568131e-06,2.81806555646469e-07,3.45211077568131e-06,2.81806555646469e-07
hawkish_phi_300,phi_pi = 3.0,3,33,1.02132376103015e-05,-3.94441417306268e-07,-3.65865819640376e-07,1.15553840092097e-05,8.87109121139318e-06,-5.14752675817576e-07,-2.74130158683938e-07,-2.68429279781657e-06,2.40622517133637e-07,2.68429279781657e-06,2.40622517133637e-07
hawkish_phi_300,phi_pi = 3.0,3,34,1.00770272246642e-05,-3.99479377244383e-07,-3.48545440731485e-07,1.10646083548716e-05,9.08944609467888e-06,-5.01100470562399e-07,-2.97858283815344e-07,-1.97516226019268e-06,2.03242186747055e-07,1.97516226019268e-06,2.03242186747055e-07
hawkish_phi_300,phi_pi = 3.0,3,35,9.95387491720123e-06,-4.02012204636648e-07,-3.34968585757878e-07,1.06136487589836e-05,9.29410107519679e-06,-4.86623394913011e-07,-3.17401014471308e-07,-1.31954768378684e-06,1.69222380441703e-07,1.31954768378684e-06,1.69222380441703e-07
hawkish_phi_300,phi_pi = 3.0,3,36,9.84570523909767e-06,-4.02435776369892e-07,-3.23970394289219e-07,1.02023777655003e-05,9.48903271269508e-06,-4.71498824428096e-07,-3.33372728200665e-07,-7.13345052805181e-07,1.38126096227431e-07,7.13345052805181e-07,1.38126096227431e-07
hawkish_phi_300,phi_pi = 3.0,3,37,9.75280905590736e-06,-4.01409778194584e-07,-3.14699458936474e-07,9.82942172145229e-06,9.67619639058448e-06,-4.56195451858932e-07,-3.46624104641258e-07,-1.53225330867812e-07,1.09571347217674e-07,1.53225330867812e-07,1.09571347217674e-07
hawkish_phi_300,phi_pi = 3.0,3,38,9.67431457121748e-06,-3.99630357472702e-07,-3.06609271971681e-07,9.49249737813851e-06,9.85613176429645e-06,-4.41255613159441e-07,-3.58005101785963e-07,3.63634386157941e-07,8.32505113734783e-08,3.63634386157941e-07,8.32505113734783e-08
hawkish_phi_300,phi_pi = 3.0,3,39,9.60864577548293e-06,-3.97693635689755e-07,-2.99404539827464e-07,9.18876402122848e-06,1.00285275297374e-05,-4.27158768689928e-07,-3.68228502689583e-07,8.39763508508895e-07,5.89302660003455e-08,8.39763508508895e-07,5.89302660003455e-08
hawkish_phi_300,phi_pi = 3.0,3,40,9.55390513079912e-06,-3.96032894922627e-07,-2.92969961845913e-07,8.91513277068157e-06,1.01926774909167e-05,-4.14253208291804e-07,-3.77812581664472e-07,1.27754472023511e-06,3.64406266273321e-08,1.27754472023511e-06,3.64406266273321e-08
